date,n_units,n_rows,M0_MAE_day,M0_MSE_day,M0_deviance_day,M1_MAE_day,M1_MSE_day,M1_deviance_day,M2_MAE_day,M2_MSE_day,M2_deviance_day,M1_minus_M0_MAE_day,M1_minus_M0_MSE_day,M1_minus_M0_deviance_day,M2_minus_M0_MAE_day,M2_minus_M0_MSE_day,M2_minus_M0_deviance_day,M2_minus_M1_MAE_day,M2_minus_M1_MSE_day,M2_minus_M1_deviance_day
2025-01-01,11,11,248.8868322088024,172867.06869974354,88.86936104418349,254.02833678893612,147354.21823285634,90.00615670470141,290.764545707824,212883.93444305097,115.15510963318539,5.141504580133727,-25512.850466887205,1.1367956605179188,41.87771349902164,40016.865743307426,26.285748589001898,36.73620891888791,65529.71621019463,25.14895292848398
2025-01-02,11,11,136.27418516083833,78042.54873715516,32.367617571560906,150.82229332593656,86013.96761809195,36.90298041993877,163.99856331927106,112382.63616268114,46.469720599594304,14.548108165098228,7971.4188809367915,4.535362848377865,27.724378158432728,34340.087425525984,14.102103028033397,13.1762699933345,26368.668544589193,9.566740179655532
2025-01-03,11,11,107.37061195663995,51029.56869584715,22.113539708475376,127.73833080923974,41728.688878906054,26.489970426683204,134.17368640031847,67741.22440679368,31.418352407593407,20.367718852599793,-9300.879816941095,4.376430718207828,26.803074443678526,16711.655710946536,9.304812699118031,6.435355591078732,26012.53552788763,4.928381980910203
2025-01-04,11,11,101.25967474496646,39048.59688106904,16.20607653211655,113.06361524898972,40325.93179866378,20.602508234661773,126.85180513261626,56707.63829689429,26.83817549819903,11.80394050402326,1277.3349175947442,4.396431702545222,25.592130387649803,17659.041415825253,10.632098966082477,13.788189883626544,16381.70649823051,6.235667263537255
2025-01-05,11,11,171.49118321385265,94335.4585237337,42.87380732056859,76.74052795618057,13563.922366937128,9.926040897836925,143.93636858397252,63996.80928407365,32.97550680164336,-94.75065525767208,-80771.53615679657,-32.94776642273166,-27.554814629880127,-30338.64923966005,-9.898300518925225,67.19584062779195,50432.88691713652,23.049465903806436
2025-01-06,11,11,263.55546271462646,233303.9396735331,101.37860601942289,180.82088297714273,97200.49426961075,55.2008030106488,210.44285815657042,151468.37114750897,75.25974847698676,-82.73457973748373,-136103.44540392235,-46.17780300877409,-53.112604558056034,-81835.56852602414,-26.118857542436132,29.621975179427693,54267.87687789822,20.05894546633796
2025-01-07,11,11,302.23931653223946,315326.9599422486,135.24862235563526,306.68755060476065,316928.590127748,139.0537955991795,267.7248613832499,258804.80449779614,117.20237615959567,4.448234072521188,1601.6301854993799,3.805173243544232,-34.514455148989555,-56522.15544445245,-18.04624619603959,-38.96268922151074,-58123.78562995183,-21.85141943958382
2025-01-08,11,11,277.89009575749236,265997.7596917202,120.57890522737203,288.3286405801458,276841.70422594924,127.57864327019689,256.5465464282917,232963.6709540574,111.32956804492436,10.438544822653455,10843.944534229056,6.999738042824859,-21.34354932920064,-33034.088737662794,-9.249337182447675,-31.782094151854096,-43878.03327189185,-16.249075225272534
2025-01-09,11,11,257.1427783846424,207187.2222583364,104.36760427678536,223.09754852536443,175592.51869441557,86.99176947454595,222.7794796483445,175711.31528225704,91.03601365841895,-34.04522985927795,-31594.703563920833,-17.37583480223941,-34.36329873629788,-31475.906976079365,-13.331590618366405,-0.31806887701992537,118.79658784146886,4.044244183873005
2025-01-10,11,11,243.85301052248084,192589.96946124415,103.76163251950244,190.0617720737435,100313.87813630336,66.7409635062419,199.82846596269107,135609.44164395914,80.33836347900346,-53.791238448737346,-92276.09132494079,-37.020669013260544,-44.024544559789774,-56980.52781728501,-23.42326904049898,9.766693888947572,35295.56350765578,13.597399972761565
2025-01-11,11,11,272.3218729970468,208356.71020864445,111.23950355316515,191.37285073266727,100256.73009285632,60.14921955055979,203.80312237449752,123465.17334926128,70.4527350167068,-80.94902226437952,-108099.98011578813,-51.09028400260536,-68.51875062254928,-84891.53685938317,-40.786768536458354,12.430271641830245,23208.443256404964,10.303515466147005
2025-01-12,11,11,313.3742404763244,273536.88712032116,141.66114122143884,246.01113693219875,193568.7376240236,98.34756345784744,223.14640784575195,162892.9276579025,87.48743907090515,-67.36310354412566,-79968.14949629756,-43.3135777635914,-90.22783263057246,-110643.95946241866,-54.173702150533686,-22.8647290864468,-30675.8099661211,-10.860124386942289
2025-01-13,11,11,360.0700608374672,354088.5656079953,181.63484181539437,346.6754312460995,334989.34412627784,171.53203822221198,272.30414433382595,226828.28737278524,122.3170699574357,-13.394629591367732,-19099.221481717483,-10.102803593182387,-87.76591650364128,-127260.27823521008,-59.31777185795866,-74.37128691227355,-108161.0567534926,-49.214968264776275
2025-01-14,11,11,382.95956619232226,392932.33045802865,211.3757430693083,380.1183802426722,335423.1462179127,205.16717299418963,305.4917763014191,254438.6493525671,147.9189844963266,-2.8411859496500824,-57509.18424011592,-6.208570075118672,-77.46778989090313,-138493.68110546155,-63.4567585729817,-74.62660394125305,-80984.49686534563,-57.248188497863026
2025-01-15,11,11,343.64758670237006,312184.4342257744,174.40749564465406,326.00063331821923,278614.3317915757,160.8041752071125,269.7143645237058,220840.857059972,127.76085325688847,-17.646953384150834,-33570.10243419872,-13.603320437541555,-73.93322217866427,-91343.57716580242,-46.646642387765596,-56.28626879451343,-57773.474731603696,-33.04332195022404
2025-01-16,11,11,341.06688823768343,331494.75657028257,186.36350498976265,267.7872814118046,171026.51586667725,122.11800603291157,243.32317574339476,175076.0891219201,112.96975223599169,-73.27960682587883,-160468.24070360532,-64.24549895685108,-97.74371249428867,-156418.66744836248,-73.39375275377095,-24.464105668409843,4049.573255242838,-9.148253796919875
2025-01-17,11,11,317.19859477387575,274289.00331355265,171.93147406825136,328.219623605251,266418.4493979704,179.1705228379724,253.41795310808448,175245.55566236094,121.22039391147973,11.021028831375247,-7870.553915582248,7.239048769721052,-63.78064166579128,-99043.4476511917,-50.71108015677163,-74.80167049716653,-91172.89373560945,-57.95012892649268
2025-01-18,11,11,325.0433866382445,277813.05921752827,163.45928867906116,362.47589677924884,338478.0339714673,195.52333519495778,273.38212583247474,198207.1771658116,124.92716162631937,37.43251014100434,60664.97475393902,32.06404651589662,-51.66126080576976,-79605.88205171668,-38.532127052741785,-89.0937709467741,-140270.8568056557,-70.5961735686384
2025-01-19,11,11,370.61315340605427,315946.8818957609,199.30458292483655,391.91082370046365,362015.00756673963,219.157132541884,321.7292582618515,241069.08989177897,159.83722789884973,21.297670294409386,46068.12567097874,19.85254961704746,-48.88389514420277,-74877.79200398191,-39.46735502598682,-70.18156543861215,-120945.91767496066,-59.31990464303428
2025-01-20,11,11,377.6618641240042,369276.9327034746,199.9033452140053,377.5617390085036,360405.26256072853,200.07834337687018,323.560130345669,276192.9898773497,158.02183778401107,-0.10012511550058889,-8871.670142746065,0.17499816286488112,-54.10173377833519,-93083.9428261249,-41.88150742999423,-54.0016086628346,-84212.27268337883,-42.05650559285911
2025-01-21,11,11,407.425212830831,435106.4157640818,239.02051214669436,432.37873300444284,486649.33517896495,263.73425718834216,364.9887400935675,359693.68403077574,205.10264213974943,24.95352017361182,51542.91941488313,24.713745041647798,-42.4364727372635,-75412.73173330608,-33.91787000694492,-67.38999291087532,-126955.65114818921,-58.63161504859272
2025-01-22,11,11,399.4742893991552,422632.95536981913,245.07262749820836,433.67526195326195,468679.0545865273,277.30759738921665,372.2965262905393,362523.34823646647,219.91441957043924,34.20097255410673,46046.09921670816,32.23496989100829,-27.17776310861592,-60109.60713335266,-25.158207927769126,-61.37873566272265,-106155.70635006082,-57.39317781877742
2025-01-23,11,11,348.8138785330644,325951.94783658383,193.51642902968354,389.15721465744207,383042.1301755579,229.0545113488396,339.6813512211635,309980.6387329925,185.07260977720054,40.343336124377686,57090.18233897409,35.538082319156075,-9.132527311900901,-15971.30910359131,-8.443819252482996,-49.47586343627859,-73061.4914425654,-43.98190157163907
2025-01-24,11,11,327.26084554053506,270152.43345899787,180.19427650345244,312.9769418922065,205585.2853087526,166.85129730011639,309.4916890691903,227333.51510095457,164.51247756192265,-14.283903648328533,-64567.14815024528,-13.342979203336057,-17.769156471344786,-42818.9183580433,-15.681798941529792,-3.4852528230162534,21748.22979220198,-2.3388197381937346
2025-01-25,11,11,352.89803802294296,311819.15450013155,193.2072802734313,296.39630297998156,168804.13059941094,143.32635947198477,310.45735645547524,208973.65618740564,155.27941847255917,-56.5017350429614,-143015.0239007206,-49.880920801446536,-42.44068156746772,-102845.49831272592,-37.92786180087214,14.06105347549368,40169.52558799469,11.953059000574399
2025-01-26,11,11,388.1292929745025,368442.45590465446,226.881142159154,368.87130781051013,309178.33254066535,206.2686549085562,344.3354171130076,257101.62591791668,183.49636832609937,-19.257985163992373,-59264.123363989114,-20.61248725059781,-43.79387586149488,-111340.82998673778,-43.38477383305462,-24.53589069750251,-52076.706622748665,-22.772286582456815
2025-01-27,11,11,418.11254539782806,434574.94156928326,251.72753348342556,421.54880920398597,399671.59247267427,253.1822519200753,379.0255962935687,311846.2174124928,213.2887128339148,3.4362638061579105,-34903.34909660899,1.4547184366497277,-39.08694910425936,-122728.72415679047,-38.438820649510774,-42.52321291041727,-87825.37506018148,-39.8935390861605
2025-01-28,11,11,431.5153280616319,474310.18223220645,272.6312067550662,409.3483192790261,354690.2564362328,248.3188800972878,388.0670118150514,317594.6670217707,228.0165062549375,-22.16700878260582,-119619.92579597363,-24.312326657778414,-43.44831624658053,-156715.51521043573,-44.61470050012872,-21.281307463974713,-37095.5894144621,-20.302373842350306
2025-01-29,11,11,414.9846579640012,426575.2736478593,260.747423856922,387.1330345842274,349081.0900757295,231.7876224192615,366.8096650700952,285033.59074596316,212.67966396075064,-27.851623379773798,-77494.18357212981,-28.959801437660502,-48.174992893905994,-141541.68290189613,-48.06775989617137,-20.323369514132196,-64047.49932976632,-19.107958458510865
2025-01-30,11,11,387.18831338734617,370042.5968566335,238.2481719096709,404.05724553383374,407577.42032666324,255.16567489221015,349.2978386738854,264570.5975631327,201.4046085107092,16.868932146487566,37534.82347002975,16.917502982539247,-37.890474713460776,-105471.99929350079,-36.84356339896169,-54.75940685994834,-143006.82276353054,-53.76106638150094
2025-01-31,11,11,360.5798937643442,319422.5509640566,223.48927268182118,383.52343811381184,356534.1123060245,247.4535495119875,335.9472569099233,247679.51558210113,202.22247861066725,22.94354434946763,37111.5613419679,23.964276830166312,-24.632636854420923,-71743.03538195544,-21.266794071153925,-47.57618120388855,-108854.59672392334,-45.23107090132024
2025-02-01,11,11,403.7067505307456,380821.6400860818,257.37225761644027,390.80641616200717,333470.692547577,243.11487270749384,371.89057575697876,282278.0634731512,224.64490519805003,-12.900334368738413,-47350.947538504784,-14.25738490894642,-31.816174773766818,-98543.57661293063,-32.72735241839024,-18.915840405028405,-51192.629074425844,-18.46996750944382
2025-02-02,11,11,427.5713814305032,424432.7587417357,273.71264635888804,466.9072356886159,479529.0146152651,314.0375863122039,415.2063156598819,357332.7591047817,261.63419585425993,39.335854258112704,55096.255873529415,40.32493995331589,-12.3650657706213,-67099.99963695399,-12.078450504628108,-51.700920028734004,-122196.2555104834,-52.403390457944
2025-02-03,11,11,443.354489826517,461220.2785867401,280.2897775335658,468.828974416327,489202.60152063356,306.6959354618945,439.1038874107719,411101.15077415033,275.59468447629007,25.474484589810004,27982.322933893476,26.406157928328696,-4.2506024157451066,-50119.12781258975,-4.695093057275756,-29.72508700555511,-78101.45074648323,-31.10125098560445
2025-02-04,11,11,458.44552196828295,499640.34099838784,304.7739942317104,436.8922254736947,402714.39555247803,283.6546042623795,441.6963619630558,411006.9236491032,289.9457364608104,-21.553296494588267,-96925.9454459098,-21.119389969330882,-16.749160005227168,-88633.41734928463,-14.828257770899995,4.804136489361099,8292.528096625174,6.291132198430887
2025-02-05,11,11,422.85786793677437,452055.5072207056,269.25985870059594,400.31840884758077,362125.52410766383,245.33764383306053,398.4302921840637,350849.52287655126,243.54017363521027,-22.5394590891936,-89929.98311304179,-23.922214867535416,-24.427575752710652,-101205.98434415436,-25.719685065385676,-1.888116663517053,-11276.001231112576,-1.7974701978502594
2025-02-06,11,11,395.604688908647,411881.50795536995,249.62427502869286,337.06656904760007,249801.9284757967,189.45320912158786,348.1412406791221,261584.73477638344,201.37805669348302,-58.53811986104694,-162079.57947957324,-60.171065907105,-47.463448229524886,-150296.7731789865,-48.246218335209846,11.074671631522051,11782.80630058673,11.924847571895157
2025-02-07,11,11,370.21242647426067,339141.4872054938,233.27297376666684,332.8506738809781,270047.90576418344,195.3951171288945,316.85713754101255,207286.1083200943,180.96651718000984,-37.361752593282574,-69093.58144131035,-37.87785663777234,-53.35528893324812,-131855.3788853995,-52.30645658665699,-15.993536339965544,-62761.79744408914,-14.428599948884653
2025-02-08,11,11,401.904998373096,383850.35211444326,255.1122038014335,303.99540829443475,201950.13958107933,159.0567134993784,307.9926039188845,182100.37391455055,164.47551678832897,-97.90959007866127,-181900.21253336393,-96.05549030205512,-93.9123944542115,-201749.9781998927,-90.63668701310453,3.9971956244497733,-19849.76566652878,5.418803288950585
2025-02-09,11,11,445.93474068150465,462121.14172237756,296.2823715845805,299.9758846910806,170283.34191213793,156.98115251077158,306.410379822576,167463.3900417243,163.68982206686093,-145.95885599042407,-291837.79981023964,-139.30121907380894,-139.52436085892867,-294657.75168065325,-132.5925495177196,6.434495131495396,-2819.9518704136135,6.7086695560893475
2025-02-10,11,11,474.5798383660039,536708.4232816073,321.84527316055215,437.47410515884764,470796.1937172299,280.51457474394806,337.131704213075,228553.07886624473,185.9998140524202,-37.10573320715628,-65912.22956437746,-41.33069841660409,-137.4481341529289,-308155.3444153626,-135.84545910813196,-100.34240094577262,-242243.11485098515,-94.51476069152787
2025-02-11,11,11,460.1451958788512,533413.3875686061,304.23467008521305,481.5435702217754,564305.1399097666,327.6526369462961,348.7716806086919,261437.85550759037,192.29022178243804,21.39837434292417,30891.75234116055,23.417966861083073,-111.37351527015932,-271975.5320610157,-111.94444830277502,-132.7718896130835,-302867.2844021763,-135.3624151638581
2025-02-12,11,11,428.664808488274,472755.38989056385,273.20422732646443,472.32516102969953,567036.1913375481,320.49041509949035,347.99814479816797,286113.0600444981,196.68870533947018,43.66035254142554,94280.80144698423,47.286187773025915,-80.66666369010602,-186642.32984606572,-76.51552198699426,-124.32701623153156,-280923.13129304996,-123.80170976002017
2025-02-13,11,11,391.4554127099619,377621.34799891856,235.35838157206044,423.36486228279534,430441.7311583957,268.5695975117077,321.8477596662833,234010.29230954498,172.43810080594682,31.909449572833466,52820.38315947715,33.211215939647246,-69.60765304367857,-143611.05568937358,-62.92028076611362,-101.51710261651203,-196431.43884885072,-96.13149670576087
2025-02-14,11,11,387.3683099753678,375149.99617318256,250.17130269754617,431.8167128996816,452975.5959110399,296.6406326278488,338.386768765618,265378.2690006601,200.20132053981152,44.44840292431377,77825.59973785735,46.46932993030262,-48.98154120974982,-109771.72717252246,-49.96998215773465,-93.42994413406359,-187597.3269103798,-96.43931208803727
2025-02-15,11,11,377.6298756599142,336136.5989522875,214.94796443559156,439.5296611402604,453899.41647407727,273.8984046494186,344.54225599615694,258777.4181278887,181.50848260738442,61.89978548034617,117762.81752178975,58.95044021382702,-33.087619663757266,-77359.18082439882,-33.439481828207136,-94.98740514410343,-195121.99834618857,-92.38992204203416
2025-02-16,11,11,411.46198472208386,395308.1418345138,242.0218716107732,478.2285362675097,528392.4632342934,308.0303036486117,392.4863291806906,334909.91707276483,222.0106812711284,66.76655154542584,133084.32139977958,66.00843203783853,-18.97565554139328,-60398.22476174898,-20.0111903396448,-85.74220708681912,-193482.54616152856,-86.01962237748333
2025-02-17,11,11,422.7725601796694,421188.4842130085,242.9200508805482,474.83011432785935,506277.8755434735,291.91716846705816,409.11995265575456,358446.65579185734,228.29062645901058,52.05755414818992,85089.39133046503,48.99711758650997,-13.652607523914867,-62741.82842115115,-14.629424421537607,-65.71016167210479,-147831.21975161618,-63.62654200804758
2025-02-18,11,11,439.51237697324274,465927.4128960179,264.5561915629329,467.0468559733829,517955.2958794763,288.8432434551635,427.89394363035063,415016.37818685634,250.00364155153338,27.534479000140152,52027.8829834584,24.28705189223058,-11.618433342892104,-50911.034709161555,-14.552550011399518,-39.152912343032256,-102938.91769261996,-38.8396019036301
2025-02-19,11,11,415.2101467328404,416015.86672716984,243.80338612018522,456.8557249160215,488163.6003292627,283.6521251032218,412.6560883523416,384334.4520609843,238.9307474983775,41.645578183181044,72147.73360209289,39.84873898303658,-2.554058380498816,-31681.414666185563,-4.87263862180771,-44.19963656367986,-103829.14826827846,-44.72137760484429
2025-02-20,11,11,389.54055650836693,366011.9187044785,224.94951564352684,426.6165806110868,418420.843888993,260.47431317398735,394.3759393412825,345975.5669241639,225.7915713494187,37.076024102719884,52408.92518451455,35.52479753046052,4.83538283291557,-20036.35178031458,0.8420557058918519,-32.240641269804314,-72445.27696482913,-34.682741824568666
2025-02-21,11,11,365.0199414738504,343116.2578648819,215.534386822945,375.9254223573369,357795.4226887883,227.18518265864392,366.71860458392536,325694.89386745915,213.55483749522216,10.905480883486518,14679.164823906438,11.650795835698915,1.6986631100749605,-17421.36399742274,-1.9795493277228502,-9.206817773411558,-32100.52882132918,-13.630345163421765
2025-02-22,11,11,390.8682041509847,349562.40734992776,226.2783964607556,369.30267175674584,287256.1114062324,207.90316971430596,378.80687317966544,306726.18985020963,211.7888001937314,-21.565532394238858,-62306.29594369535,-18.37522674644964,-12.06133097131925,-42836.21749971813,-14.489596267024211,9.504201422919607,19470.078443977225,3.88563047942543
2025-02-23,11,11,430.69384793294444,423365.29690003186,257.5444146910038,376.9583771790685,298903.72610903357,208.12115137176022,401.9591904236556,344507.4989422714,229.09015762612898,-53.735470753875916,-124461.57079099829,-49.423263319243574,-28.73465750928881,-78857.79795776046,-28.45425706487481,25.000813244587107,45603.77283323783,20.969006254368765
2025-02-24,11,11,451.93434507606395,502440.9742834639,271.1156024359943,404.6014717527783,389581.57535016333,224.4451767593064,414.13265998873925,395027.7341957809,231.37354752354202,-47.33287332328564,-112859.39893330057,-46.67042567668787,-37.8016850873247,-107413.24008768302,-39.74205491245226,9.53118823596094,5446.158845617552,6.928370764235609
2025-02-25,11,11,580.8168265918949,901437.112622332,486.345847723887,503.73741026143966,578620.2466682506,385.87948054103344,522.8547278365936,654805.5680317228,407.92585450205115,-77.07941633045527,-322816.8659540813,-100.46636718285356,-57.96209875530133,-246631.54459060915,-78.41999322183585,19.117317575153947,76185.32136347215,22.046373961017707
2025-02-26,11,11,408.20560102476514,416242.1675090317,227.51526583319057,354.2913216883989,266411.4880648911,179.71054464933485,345.76216349600105,250268.3744040905,171.00993302313861,-53.914279336366235,-149830.67944414064,-47.80472118385572,-62.44343752876409,-165973.79310494123,-56.505332810051954,-8.529158192397858,-16143.11366080059,-8.700611626196235
2025-02-27,11,11,399.9209935932513,406617.74616801046,232.5808012910313,416.270290158092,427705.3194610318,247.20074180803476,357.328481255897,283454.5151830341,190.02339555250208,16.3492965648407,21087.573293021356,14.61994051700347,-42.59251233735432,-123163.23098497634,-42.55740573852921,-58.94180890219502,-144250.8042779977,-57.17734625553268
2025-02-28,11,11,372.48239109007324,351071.06147407315,211.3697883952705,384.57483248342635,374414.7808417627,223.37128010762243,333.2180540347033,253703.14668496672,175.29886126439845,12.092441393353113,23343.71936768957,12.001491712351935,-39.264337055369936,-97367.91478910643,-36.070927130872036,-51.35677844872305,-120711.634156796,-48.07241884322397
2025-03-01,11,11,413.0271663963318,385028.0950955361,239.18404611759152,419.64311771029463,389170.95352981146,246.17193615234666,373.82657723299775,277203.2023837328,201.84275706189064,6.615951313962853,4142.858434275375,6.987890034755139,-39.20058916333403,-107824.89271180332,-37.341289055700884,-45.81654047729688,-111967.75114607869,-44.32917909045602
2025-03-02,11,11,439.03150070450687,432071.53283422434,258.84122916297065,459.69552498647414,454250.08573737764,280.25128562902773,408.5658492856142,330831.0959298834,230.2745982513096,20.664024281967272,22178.552903153293,21.410056466057085,-30.465651418892662,-101240.43690434092,-28.566630911661036,-51.129675700859934,-123418.98980749422,-49.97668737771812
2025-03-03,11,11,478.6382893049493,529939.0370712366,288.47622837138823,502.13301139451227,569992.7650289609,311.2777058132982,463.5219345312045,448801.0755529339,272.5381426019275,23.49472208956297,40053.727957724244,22.80147744190998,-15.116354773744774,-81137.96151830273,-15.938085769460713,-38.611076863307744,-121191.68947602698,-38.739563211370694
2025-03-04,11,11,497.52180490304636,557993.2321281444,317.8101211952848,516.449840069049,582891.1935292449,337.0381337923446,489.2869640624702,494472.04895761516,307.7301124071906,18.928035166002587,24897.961401100503,19.228012597059774,-8.234840840576169,-63521.1831705292,-10.080008788094233,-27.162876006578756,-88419.1445716297,-29.308021385154007
2025-03-05,11,11,442.45405659997397,483559.4444842423,262.82606518582,448.4175940368819,487221.21372858714,266.86619395638155,435.8922102477946,432254.29921848397,252.39202873118708,5.963537436907927,3661.769244344847,4.040128770561523,-6.561846352179373,-51305.14526575833,-10.434036454632945,-12.5253837890873,-54966.914510103175,-14.474165225194469
2025-03-06,11,11,378.7383870317186,319413.20953532436,198.83127669936695,377.5598734672725,319485.23869782634,196.86124571789017,365.91981458032984,281415.7551192903,185.88803820567426,-1.1785135644461207,72.0291625019745,-1.970030981476782,-12.818572451388775,-37997.454416034045,-12.94323849369269,-11.640058886942654,-38069.48357853602,-10.973207512215907
2025-03-07,11,11,341.96260639025127,276061.68536088447,172.45211340777976,353.25871475048353,285117.4801144046,182.55427342387915,337.80214437477747,249577.37019275373,165.77161095620036,11.296108360232267,9055.79475352011,10.10216001609939,-4.160462015473797,-26484.315168130735,-6.6805024515794,-15.456570375706065,-35540.109921650845,-16.78266246767879
2025-03-08,11,11,299.5621212596671,194483.98936510374,124.56770260576204,317.85882420362924,208328.7365233057,143.8820725824419,315.27955764792137,196522.35664044283,138.5309685133383,18.296702943962146,13844.747158201964,19.31436997667987,15.71743638825427,2038.3672753390856,13.963265907576272,-2.579266555707875,-11806.379882862879,-5.351104069103599
2025-03-09,11,11,252.4274320220493,125068.38820277572,82.86372583970022,264.2797575393041,120465.48217675126,91.86442049469312,273.3757859807452,131562.82426428856,94.4488473237164,11.852325517254826,-4602.906026024459,9.000694654992898,20.948353958695918,6494.436061512839,11.58512148401617,9.096028441441092,11097.342087537298,2.584426829023272
2025-03-10,11,11,223.30329963738822,117534.89211501325,64.19831762895491,236.9932100403344,125339.78424742875,67.96315421399744,236.70081814307912,118471.57081989023,68.70945011741213,13.689910402946168,7804.892132415494,3.7648365850425307,13.397518505690897,936.6787048769766,4.511132488457221,-0.29239189725527126,-6868.213427538518,0.7462959034146905
2025-03-11,11,11,221.9914041936072,120893.09949167223,65.6499965761729,235.28248234631283,123072.19557947399,72.69822147974618,237.862235562993,120031.46216057618,71.51688999008758,13.291078152705637,2179.096087801765,7.048224903573285,15.870831369385797,-861.637331096048,5.866893413914681,2.57975321668016,-3040.733418897813,-1.1813314896586036
2025-03-12,11,11,130.65768280955743,40592.47893786129,27.07270616513048,102.23832336328186,19414.737959276685,15.755126201287,128.32287786934083,31606.39821219387,24.853101825207762,-28.419359446275564,-21177.740978584607,-11.31757996384348,-2.3348049402166,-8986.08072566742,-2.219604339922718,26.084554506058964,12191.660252917187,9.097975623920762
2025-03-13,11,11,77.1951159314598,10843.994704450872,11.790962100753354,68.71916491798626,8494.11882610674,8.772088948017105,72.48007758271915,8320.026790191785,10.008743884489496,-8.475951013473534,-2349.8758783441317,-3.0188731527362496,-4.715038348740649,-2523.9679142590867,-1.7822182162638587,3.760912664732885,-174.09203591495498,1.2366549364723909
2025-03-14,11,11,62.31453702147764,8772.763046229718,12.655006120037434,60.6790700712616,7968.61038253594,9.531674661912838,69.34914989820275,9142.36029808291,11.307658491094086,-1.635466950216042,-804.1526636937788,-3.1233314581245963,7.034612876725113,369.59725185319076,-1.3473476289433481,8.670079826941155,1173.7499155469695,1.7759838291812482
2025-03-15,11,11,136.00289875334448,39745.619967220475,23.718934543826506,118.55765975148614,38272.17903406069,19.098606281309443,132.02972061454818,44755.79384872909,22.69546971824596,-17.44523900185834,-1473.4409331597853,-4.620328262517063,-3.9731781387962997,5010.173881508614,-1.0234648255805467,13.47206086306204,6483.614814668399,3.5968634369365162
2025-03-16,11,11,293.7602906960265,212468.84189816256,90.80515807521202,278.6475628946405,206125.94371740305,81.96418391263668,288.1975305003627,211046.07812298925,86.448866737315,-15.11272780138603,-6342.898180759512,-8.840974162575336,-5.562760195663827,-1422.7637751733128,-4.356291337897019,9.549967605722202,4920.134405586199,4.484682824678316
2025-03-17,11,11,433.74994161450053,324571.71408197324,172.26044780752198,432.68196421486266,336729.8078402139,171.14926483799937,426.16255675584523,321335.4141786857,165.82992877279142,-1.0679773996378685,12158.093758240633,-1.1111829695226163,-7.587384858655298,-3236.2999032875523,-6.430519034730565,-6.51940745901743,-15394.393661528185,-5.319336065207949
2025-03-18,11,11,411.5520797478018,293189.765988878,150.92872148781524,414.8006941705005,306634.6749611692,151.68649457694374,401.47065237738394,286475.23756096436,145.79816905398488,3.2486144226986653,13444.908972291218,0.7577730891285057,-10.081427370417885,-6714.52842791361,-5.13055243383036,-13.33004179311655,-20159.437400204828,-5.888325522958866
2025-03-19,11,11,351.85083164564605,206549.13263025042,122.70852338654313,349.2975224667924,210390.6044443431,118.74774604696076,348.3992166149763,208595.6619152646,120.58949688713234,-2.553309178853681,3841.4718140926852,-3.9607773395823784,-3.451615030669757,2046.5292850141705,-2.1190264994107935,-0.898305851816076,-1794.9425290785148,1.841750840171585
2025-03-20,11,11,345.7440499947498,198200.0385132851,120.27449713499355,368.41059182589646,223220.68327031136,147.26510484037854,357.5391207907133,213590.2877596351,133.72396935856156,22.666541831146674,25020.644757026254,26.99060770538499,11.795070795963511,15390.249246349995,13.449472223568009,-10.871471035183163,-9630.395510676259,-13.54113548181698
2025-03-21,11,11,257.10409728076445,112206.40577249983,77.6296750177021,273.8499932541215,133629.73171913772,89.04715591162926,271.0477684816259,130564.1431242554,91.49122502512745,16.74589597335705,21423.325946637895,11.417480893927163,13.943671200861445,18357.737351755568,13.86155000742535,-2.802224772495606,-3065.588594882327,2.4440691134981876
2025-03-22,11,11,265.54176650732217,130543.88468140402,69.02592356052223,274.6802867358742,157551.08340948808,72.98541118994318,266.08992034753527,141656.354030213,70.21200000790216,9.13852022855201,27007.19872808407,3.9594876294209485,0.5481538402131036,11112.469348808983,1.1860764473799321,-8.590366388338907,-15894.729379275086,-2.7734111820410163
2025-03-23,11,11,377.22100224120567,259853.88987875218,129.93019325144743,371.7140161555431,263094.730749344,122.52171926195359,366.09233513851274,256993.08294003972,124.85732636896064,-5.506986085662561,3240.840870591812,-7.408473989493842,-11.12866710269293,-2860.806938712456,-5.072866882486792,-5.621681017030369,-6101.647809304268,2.33560710700705
2025-03-24,11,11,438.2615395621975,313067.46555697743,167.2195903673104,401.4149605041135,253966.64139399,142.192560022479,402.1558120469586,262564.9192327146,144.33903185550497,-36.846579058084046,-59100.82416298744,-25.027030344831388,-36.105727515238925,-50502.54632426286,-22.880558511805418,0.740851542845121,8598.277838724578,2.14647183302597
2025-03-25,11,11,337.16390556995555,177810.14341009816,103.9533887825637,312.24843526177057,143818.82990738028,92.73463284602687,312.02525260646513,151968.10592749453,94.56845652206584,-24.91547030818498,-33991.31350271788,-11.218755936536837,-25.138652963490415,-25842.037482603628,-9.384932260497862,-0.22318265530543613,8149.276020114252,1.8338236760389748
2025-03-26,11,11,221.32479301533377,71164.38650405778,52.08063345000967,204.67473453995137,60288.45208249242,47.96283950466228,201.2324953538593,62686.46103078185,48.84786986446718,-16.650058475382394,-10875.934421565362,-4.117793945347394,-20.092297661474475,-8477.92547327593,-3.232763585542493,-3.442239186092081,2398.0089482894327,0.885030359804901
2025-03-27,11,11,166.4022904401609,37225.83264134228,35.73729134213891,153.3347125871198,31454.490467038224,32.6071813915654,152.01620305250137,32447.720466912782,32.37964110834097,-13.067577853041087,-5771.342174304053,-3.1301099505735124,-14.38608738765953,-4778.112174429494,-3.3576502337979406,-1.3185095346184426,993.2299998745584,-0.2275402832244282
2025-03-28,11,11,87.53081279738302,14717.229830444709,13.542536753208536,92.10747977560497,15692.759161162341,12.326717733680304,94.6846567402983,18897.994339245022,13.974885898613087,4.576666978221951,975.5293307176325,-1.2158190195282312,7.153843942915273,4180.764508800314,0.43234914540455094,2.5771769646933222,3205.235178082681,1.6481681649327822
2025-03-29,11,11,65.27759017338452,7018.678044503097,7.576706317435946,71.21451123658127,7437.804818653377,7.995066066892712,53.056904568109616,4403.955511727592,5.193615709064019,5.936921063196749,419.12677415027974,0.41835974945676657,-12.220685605274909,-2614.722532775505,-2.3830906083719263,-18.157606668471658,-3033.8493069257847,-2.801450357828693
2025-03-30,11,11,133.5769410999816,61609.948953036124,19.057231378318672,134.91650994507492,67545.86666508048,22.726379370237808,136.12792848200885,59355.72162383078,20.967929734561896,1.3395688450933108,5935.917712044356,3.669147991919136,2.5509873820272446,-2254.2273292053433,1.9106983562432234,1.2114185369339339,-8190.1450412497,-1.7584496356759125
2025-03-31,11,11,150.64840773695798,40381.31646606096,27.50027792939512,101.72211750516406,20409.753123282382,16.673027192654406,102.45077937665374,21698.913548411732,17.484382215721567,-48.926290231793914,-19971.56334277858,-10.827250736740716,-48.197628360304236,-18682.40291764923,-10.015895713673554,0.7286618714896775,1289.1604251293502,0.8113550230671613
2025-04-01,11,11,78.6500311980791,12680.633659300318,10.163655571913832,106.81564068395436,32862.97786239695,10.878855922973502,86.4510991009473,26631.662924259625,9.528740562604847,28.16560948587525,20182.34420309663,0.7152003510596696,7.801067902868198,13951.029264959307,-0.634915009308985,-20.364541583007053,-6231.314938137322,-1.3501153603686546
2025-04-02,11,11,41.88267283680656,3613.5310015874156,3.7899434069631766,73.74785924602445,14035.780422749523,4.844876918044787,73.56684176844328,11862.222622734802,5.338907629916311,31.865186409217884,10422.249421162109,1.0549335110816105,31.68416893163672,8248.691621147387,1.5489642229531344,-0.1810174775811646,-2173.5578000147216,0.4940307118715239
2025-04-03,11,11,71.75508854298741,7693.430979872458,10.313498288109688,88.1981546921662,12757.660037478401,10.359240980524364,94.23701887650914,14487.214547536616,12.304620067794115,16.44306614917879,5064.229057605943,0.045742692414675545,22.48193033352173,6793.783567664158,1.991121779684427,6.038864184342941,1729.5545100582149,1.9453790872697514
2025-04-04,11,11,70.04510773146673,10169.828080055906,7.532874169344698,80.03225299985098,15415.214412745763,8.214303715380359,85.81091723674314,17848.480729505944,10.734595959963746,9.987145268384253,5245.386332689857,0.6814295460356607,15.765809505276408,7678.652649450038,3.2017217906190485,5.778664236892155,2433.2663167601804,2.5202922445833877
2025-04-05,11,11,70.26240539524336,7223.432992362571,8.514840288705965,70.70733709089687,7236.093637556016,8.925643722001887,73.73680763338665,7209.427385693855,8.391386240407785,0.44493169565350854,12.660645193444907,0.4108034332959214,3.474402238143284,-14.0056066687157,-0.1234540482981803,3.0294705424897757,-26.666251862160607,-0.5342574815941017
2025-04-06,11,11,83.77257009005064,10646.631406444822,7.893839037339668,79.2475333450741,9880.997459601736,7.06773229094332,89.34085851949507,13214.362209555891,7.789478849448335,-4.525036744976532,-765.6339468430851,-0.8261067463963485,5.568288429444436,2567.7308031110697,-0.10436018789133339,10.093325174420968,3333.364749954155,0.7217465585050151
2025-04-07,11,11,80.23755117431216,12752.211653455865,14.18229254244697,82.46239666660979,13648.16312090889,15.174566361781759,82.49922239130943,14217.65149524188,14.963108796376074,2.224845492297632,895.9514674530255,0.9922738193347893,2.2616712169972715,1465.4398417860157,0.780816253929105,0.036825724699639295,569.4883743329901,-0.21145756540568428
2025-04-08,11,11,96.81762976633036,22777.48447661756,10.119475410725583,105.12436143050799,28973.88314623627,11.2671225433043,102.581222123428,28263.43502848167,10.573819739196054,8.306731664177633,6196.398669618709,1.147647132578717,5.76359235709765,5485.950551864109,0.4543443284704711,-2.543139307079983,-710.4481177546004,-0.6933028041082459
2025-04-09,11,11,117.87643043909051,36485.177308848535,13.81777739825621,111.18459179296437,31292.842571909983,12.80402054491384,117.06010525911806,30930.06039964678,14.035170267090889,-6.691838646126143,-5192.334736938552,-1.01375685334237,-0.816325179972452,-5555.116909201755,0.21739286883467912,5.875513466153691,-362.7821722632034,1.231149722177049
2025-04-10,11,11,125.59010595049814,48339.64764722728,16.960498710350375,114.27144382932062,42312.11854493535,14.71434661685277,108.18775241336975,35881.09738307296,13.715956635941076,-11.318662121177525,-6027.529102291926,-2.2461520934976047,-17.40235353712839,-12458.550264154313,-3.244542074409299,-6.083691415950867,-6431.021161862387,-0.9983899809116945
2025-04-11,11,11,138.04137317194738,76040.63643411669,23.80638578758138,145.940605459128,85968.66904046784,27.123719221523,136.32491163533496,69056.89539518551,22.78820575955694,7.8992322871806095,9928.032606351146,3.31733343394162,-1.716461536612428,-6983.741038931184,-1.0181800280244389,-9.615693823793038,-16911.77364528233,-4.335513461966059
2025-04-12,11,11,95.6983545821964,16110.22261235332,10.991125630536073,115.09324479161033,32138.607082101804,16.155165665039906,98.40074011982506,21781.74736639887,11.904783133044305,19.39489020941393,16028.384469748484,5.164040034503833,2.7023855376286576,5671.524754045551,0.9136575025082312,-16.692504671785272,-10356.859715702933,-4.2503825319956015
2025-04-13,11,11,144.2147876701041,52154.745965552334,20.428089313599248,116.26266152120803,24430.41377265946,14.253967880893269,123.61703172028388,32071.27255694681,15.478364185090847,-27.95212614889607,-27724.332192892874,-6.174121432705979,-20.597755949820225,-20083.473408605525,-4.949725128508401,7.354370199075845,7640.858784287349,1.2243963041975778
2025-04-14,11,11,99.2740362322107,20306.311122766645,16.145695178523663,93.59182502285034,16086.916388806467,12.084078131678517,105.68233965291533,19466.187926651946,14.774666356355887,-5.682211209360361,-4219.394733960178,-4.0616170468451465,6.408303420704627,-840.1231961146987,-1.3710288221677764,12.090514630064988,3379.2715378454795,2.69058822467737
2025-04-15,11,11,81.34422697272755,11078.899745701994,13.666225552512948,81.42521676005323,11031.26458821312,12.809388336724147,86.59331367579506,11846.077637876715,13.668208311295047,0.0809897873256773,-47.63515748887403,-0.8568372157888007,5.249086703067505,767.1778921747209,0.001982758782098415,5.1680969157418275,814.8130496635949,0.8588199745708991
2025-04-16,11,11,130.86399477505452,45093.31712111187,19.407919201494114,128.43098708692085,47660.831351059285,18.697005308941826,125.58728172009441,43545.03225942572,18.631827306230658,-2.433007688133671,2567.5142299474173,-0.7109138925522878,-5.276713054960112,-1548.2848616861447,-0.7760918952634555,-2.843705366826441,-4115.799091633562,-0.06517800271116769
2025-04-17,11,11,200.66616961605675,99384.60725928737,42.23762221886581,198.46787038626155,97730.38111801672,41.725742385880366,192.9658769981822,95333.85818468098,41.57630927004985,-2.1982992297951967,-1654.226141270643,-0.5118798329854428,-7.700292617874538,-4050.749074606385,-0.6613129488159615,-5.501993388079342,-2396.522933335742,-0.14943311583051866
2025-04-18,11,11,85.43994002421347,14113.020890718682,8.430978310269332,66.27034089252435,6332.512953620203,7.351927917187484,73.10990543765146,8204.352613750543,8.02503940151201,-19.169599131689125,-7780.5079370984795,-1.0790503930818476,-12.330034586562007,-5908.668276968139,-0.40593890875732086,6.839564545127118,1871.8396601303402,0.6731114843245267
2025-04-19,11,11,106.33914180392404,22028.3018563496,12.708391471516906,84.45381960620445,11104.655393989504,10.220327226303082,92.47667753391613,13659.648452422593,10.76000235581784,-21.88532219771959,-10923.646462360097,-2.488064245213824,-13.862464270007905,-8368.653403927008,-1.948389115699067,8.022857927711684,2554.9930584330887,0.539675129514757
2025-04-20,11,11,169.61941901046842,83818.34132243815,24.905148547000692,153.7318836051839,74138.88401281368,21.513830618128125,163.25691055900808,82404.18415269817,25.054793581342157,-15.887535405284524,-9679.457309624471,-3.3913179288725672,-6.362508451460343,-1414.1571697399777,0.14964503434146437,9.525026953824181,8265.300139884494,3.5409629632140316
2025-04-21,11,11,208.36426730627156,98173.73742197957,37.87140728328117,200.38322754469257,87521.28445704356,34.96071740049017,214.77365636865304,97180.47417743421,39.29931638603084,-7.981039761578984,-10652.45296493602,-2.9106898827910044,6.409389062381479,-993.2632445453637,1.4279091027496662,14.390428823960463,9659.189720390656,4.338598985540671
2025-04-22,11,11,80.95412081950754,10897.867799434996,6.63314818293031,91.1732601769671,13778.284697581526,10.133761945324027,99.99232920579858,14758.959297231057,11.222456907758703,10.219139357459568,2880.41689814653,3.5006137623937166,19.038208386291046,3861.09149779606,4.589308724828393,8.819069028831478,980.6745996495301,1.0886949624346762
2025-04-23,11,11,114.52561295305577,27807.569474808955,13.259787567790932,106.90684384369557,18276.77932076172,12.494593073030728,107.61418568199639,20617.408808725828,12.653793319950472,-7.618769109360201,-9530.790154047234,-0.7651944947602036,-6.911427271059381,-7190.160666083128,-0.6059942478404601,0.7073418383008203,2340.6294879641064,0.15920024691974355
2025-04-24,11,11,97.68374267231111,21624.605339571972,8.80304637380794,58.299272537280395,8025.908934886533,5.978060537222928,67.78617006325545,8983.631391619483,6.729121220779712,-39.38447013503072,-13598.69640468544,-2.824985836585012,-29.897572609055658,-12640.973947952489,-2.0739251530282274,9.48689752597506,957.7224567329504,0.7510606835567843
2025-04-25,11,11,142.9119329476405,49676.90206261705,20.77211930878987,122.95999367349614,45152.69609672264,18.849222993809484,126.51422927211765,41578.64622372306,20.581487293088227,-19.951939274144365,-4524.205965894413,-1.9228963149803846,-16.397703675522862,-8098.255838893994,-0.19063201570164168,3.554235598621503,-3574.0498729995816,1.732264299278743
2025-04-26,11,11,76.29927358681401,13451.542766736931,5.618482705491956,71.49029805504284,11223.677746407384,4.940129882671666,74.98683744631738,15263.514809806069,6.110247992935877,-4.808975531771168,-2227.8650203295474,-0.6783528228202895,-1.3124361404966294,1811.9720430691377,0.4917652874439211,3.4965393912745384,4039.837063398685,1.1701181102642106
2025-04-27,11,11,215.28711163094812,111025.16848764563,37.91857097320472,209.52367222763326,98440.9775643549,36.57667165478384,213.90293769400904,106167.17835815708,37.64142375236759,-5.763439403314862,-12584.190923290735,-1.3418993184208858,-1.384173936939078,-4857.990129488549,-0.2771472208371364,4.379265466375784,7726.200793802185,1.0647520975837494
2025-04-28,11,11,164.14926015446088,47995.086788853914,23.912598009979455,134.8843445198287,26651.39922493476,18.35805830880234,146.21699783867726,32454.74003422479,19.826630961329762,-29.26491563463219,-21343.687563919153,-5.554539701177113,-17.932262315783618,-15540.346754629125,-4.085967048649692,11.332653318848571,5803.340809290028,1.4685726525274205
2025-04-29,11,11,68.74998811748293,10415.886345814819,6.032804521123211,78.67626291752144,18436.844825414417,6.548467984555116,79.0739729767937,14484.663751523154,6.330510593025371,9.926274800038513,8020.958479599598,0.5156634634319053,10.32398485931077,4068.777405708335,0.2977060719021605,0.39771005927225644,-3952.1810738912627,-0.2179573915297448
2025-04-30,11,11,263.3782878838112,273972.0346377898,66.5312255167885,283.79896425094853,301579.4548712888,73.4197028066692,264.9395872538608,273984.6214713356,67.97953746709875,20.420676367137332,27607.420233498968,6.888477289880711,1.5612993700495963,12.586833545763511,1.4483119503102557,-18.859376997087736,-27594.833399953204,-5.440165339570456
2025-05-01,11,11,94.54149265073275,17365.28242092481,9.415496699087264,80.015167878072,12574.85173299358,7.609535548466507,102.1679232166605,18942.38833677329,10.852704434063435,-14.526324772660743,-4790.43068793123,-1.8059611506207567,7.626430565927748,1577.1059158484786,1.4372077349761714,22.15275533858849,6367.5366037797085,3.243168885596928
2025-05-02,11,11,66.82979893868671,8280.91677213009,5.891430491456262,67.7226300478165,10191.71050434807,4.775597066139135,79.0706565090578,12494.922943457803,7.095537888719321,0.8928311091297871,1910.7937322179805,-1.1158334253171267,12.240857570371091,4214.006171327714,1.2041073972630585,11.348026461241304,2303.212439109733,2.319940822580185
2025-05-03,11,11,167.94979368655285,84994.33184875704,28.362370861242002,138.5365552033225,48775.932642305896,18.3321160649752,147.80964579863652,53476.459497752876,21.95537068818077,-29.413238483230344,-36218.39920645114,-10.030254796266803,-20.140147887916328,-31517.87235100416,-6.407000173061231,9.273090595314017,4700.52685544698,3.623254623205572
2025-05-04,11,11,268.52517651264964,247497.43729021403,56.26411455966277,260.33890571085027,224259.34943513514,50.99065648295596,259.44998419319376,215278.4735579359,51.16576817104047,-8.186270801799367,-23238.08785507889,-5.2734580767068095,-9.07519231945588,-32218.96373227812,-5.0983463886223035,-0.8889215176565131,-8980.875877199229,0.17511168808450606
2025-05-05,11,11,174.43160727342558,60246.74917358214,25.16623015541138,158.31067256929603,56107.99428053191,20.561041914919393,157.90238006921481,52367.75462000236,21.053432780438296,-16.120934704129553,-4138.754893050231,-4.605188240491987,-16.52922720421077,-7878.9945535797815,-4.112797374973084,-0.40829250008121676,-3740.2396605295507,0.4923908655189031
2025-05-06,11,11,85.42273023389353,10935.725481505224,8.18447951480487,78.2916791742626,10396.028660469758,6.407603463408146,82.53810659176065,10562.756766241513,7.679861503516954,-7.131051059630934,-539.6968210354662,-1.7768760513967248,-2.8846236421328797,-372.9687152637107,-0.5046180112879162,4.2464274174980545,166.7281057717555,1.2722580401088086
2025-05-07,11,11,176.9058506904796,119647.37272843793,29.329019930803096,152.91442094970765,105866.0251752914,25.60456388102714,160.77775833013706,103273.58596296236,26.79563022834296,-23.991429740771963,-13781.347553146523,-3.724456049775956,-16.12809236034255,-16373.786765475568,-2.533389702460134,7.863337380429414,-2592.4392123290454,1.1910663473158216
2025-05-08,11,11,295.73735101098623,396901.4325348766,99.34858512772381,233.13017575724777,239963.97969887796,65.03621772752832,237.5854940302536,233728.5797390269,66.47121705243372,-62.60717525373846,-156937.45283599867,-34.312367400195484,-58.15185698073262,-163172.85279584973,-32.87736807529009,4.455318273005844,-6235.399959851056,1.434999324905391
2025-05-09,11,11,117.3061480863887,27455.970576060798,14.900959934266854,118.12657035387706,35557.72074355118,15.314043279056932,130.669574345408,37709.6331562878,18.57702087178209,0.8204222674883539,8101.750167490383,0.4130833447900777,13.363426259019292,10253.662580227,3.676060937515235,12.543003991530938,2151.912412736616,3.262977592725157
2025-05-10,11,11,100.14409949702123,29459.25284606137,11.354811214677921,113.06875500588905,29575.17549495825,13.120834965113287,107.10653835171502,29263.478746101275,14.353103053121556,12.924655508867815,115.92264889688158,1.766023750435366,6.9624388546937865,-195.77409996009374,2.9982918384436346,-5.9622166541740285,-311.6967488569753,1.2322680880082686
2025-05-11,11,11,107.66628014436279,19028.12100406977,11.227577298538717,94.08800210784898,12349.363092986949,9.650534017413786,111.00999994596081,19223.110100112182,12.262962142512533,-13.578278036513808,-6678.757911082821,-1.577043281124931,3.343719801598027,194.9890960424127,1.0353848439738158,16.921997838111835,6873.747007125234,2.612428125098747
2025-05-12,11,11,184.2801146123971,53694.55974874571,35.29505134701649,200.65266997931968,66308.21680206625,41.792188497465055,206.08184555587832,74880.70330532182,42.90566382979934,16.37255536692257,12613.657053320538,6.497137150448566,21.801730943481203,21186.143556576106,7.610612482782848,5.4291755765586345,8572.486503255568,1.113475332334282
2025-05-13,11,11,113.74849174011821,21476.71940881626,14.786292676235622,110.93153002029034,22849.59889679828,12.943998127448635,105.5076820401663,18753.591912453696,13.714153152849155,-2.816961719827873,1372.8794879820198,-1.8422945487869864,-8.24080969995191,-2723.1274963625656,-1.0721395233864666,-5.423847980124037,-4096.006984344585,0.7701550254005198
2025-05-14,11,11,124.05348619616576,21256.736274069848,14.246657498588412,124.84099809135476,22267.571728105228,14.839112905500935,119.33306506538574,23223.514472549778,17.37228029253504,0.7875118951889988,1010.8354540353794,0.5924554069125225,-4.720421130780025,1966.7781984799294,3.1256227939466292,-5.507933025969024,955.94274444455,2.5331673870341067
2025-05-15,11,11,88.41512990408413,10873.422407336802,9.091168499574296,81.63056758130045,9967.84904337359,9.089539009534802,93.25471875141542,13155.561744288105,10.816207739842202,-6.784562322783671,-905.5733639632126,-0.001629490039494641,4.839588847331299,2282.1393369513025,1.7250392402679058,11.62415117011497,3187.712700914515,1.7266687303074004
2025-05-16,11,11,92.4082189348604,17215.064797057308,12.835976353249832,99.37741621145886,18223.08904465413,12.255830052870719,96.43005404123254,17795.301336602723,14.516532904748646,6.969197276598464,1008.0242475968225,-0.5801463003791127,4.021835106372137,580.2365395454144,1.6805565514988139,-2.9473621702263273,-427.7877080514081,2.2607028518779266
2025-05-17,11,11,85.75741604871968,12521.364163886778,13.947046875750749,121.80409347356563,23016.737192762725,21.22020697849085,117.7964692969782,23203.261375822472,20.247305348093846,36.04667742484595,10495.373028875947,7.273160102740102,32.039053248258526,10681.897211935695,6.300258472343097,-4.007624176587427,186.52418305974788,-0.9729016303970042
2025-05-18,11,11,220.51587843028,79496.82913341849,41.899428854968285,194.78214940992777,62453.0979391379,35.75266806963389,207.97702658431047,82534.38213667943,40.339368266676985,-25.73372902035223,-17043.73119428059,-6.1467607853343935,-12.538851845969532,3037.5530032609386,-1.5600605882913001,13.194877174382697,20081.28419754153,4.586700197043093
2025-05-19,11,11,220.5409579563692,82434.20271752305,47.08796998870962,262.4050090398685,139259.6159629815,57.996903107141414,256.6035470576875,150127.2441326266,61.40192582459415,41.864051083499305,56825.41324545846,10.908933118431797,36.06258910131828,67693.04141510355,14.313955835884535,-5.801461982181024,10867.62816964509,3.405022717452738
2025-05-20,11,11,80.14810791352228,14678.233160106804,10.186400861315871,88.92658819207372,19463.353797347012,10.946777846163792,109.9276019617448,24458.515429414518,17.15420447638107,8.778480278551442,4785.120637240208,0.7603769848479214,29.779494048222517,9780.282269307714,6.9678036150652005,21.001013769671076,4995.161632067506,6.207426630217279
2025-05-21,11,11,247.6862298010037,173290.29994479482,46.980737276031725,309.96234684882705,283196.0906584514,73.05377940232151,288.33724790407723,258707.6660331398,67.68179444629203,62.27611704782336,109905.79071365655,26.073042126289785,40.65101810307354,85417.36608834498,20.701057170260306,-21.625098944749823,-24488.42462531157,-5.371984956029479
2025-05-22,11,11,122.76554176861605,34474.105096371546,21.514683846943676,106.73720280099514,29966.143865124493,18.78053051538895,131.54504767447133,41751.37839096461,25.578596065020808,-16.02833896762091,-4507.961231247053,-2.734153331554726,8.779505905855288,7277.273294593062,4.063912218077132,24.8078448734762,11785.234525840115,6.798065549631858
2025-05-23,11,11,89.98364783808239,18635.02068027278,12.946739302170359,70.32608056715497,13376.349771317049,9.125219263748644,98.42930747776614,21995.41946796497,15.216440647583022,-19.657567270927416,-5258.670908955732,-3.821520038421715,8.445659639683754,3360.398787692189,2.2697013454126633,28.10322691061117,8619.06969664792,6.0912213838343785
2025-05-24,11,11,153.32270350493502,55018.930790791244,19.212523596660663,138.91423991933465,44906.405475532934,17.90444245483833,163.88815884958697,59324.54259470723,20.95046318604053,-14.408463585600373,-10112.52531525831,-1.3080811418223348,10.565455344651951,4305.611803915985,1.7379395893798666,24.973918930252324,14418.137119174295,3.0460207312022014
2025-05-25,11,11,172.19685124686097,109002.4486074369,27.65582284249422,158.07265155750295,83017.92394761882,23.274759847086276,191.10912099263268,107568.33796993237,29.541979183311664,-14.124199689358022,-25984.524659818082,-4.3810629954079445,18.91226974577171,-1434.1106375045347,1.8861563408174433,33.03646943512973,24550.414022313547,6.267219336225388
2025-05-26,11,11,208.2345651661909,119364.16301427713,36.27247978703034,180.5124915886243,78334.00795933856,40.10395587273706,179.8049729486011,78333.10103308769,43.915751121045155,-27.72207357756659,-41030.15505493857,3.8314760857067185,-28.4295922175898,-41031.06198118944,7.643271334014813,-0.7075186400232099,-0.9069262508710381,3.811795248308094
2025-05-27,11,11,86.10575620780531,12918.770044420975,10.511375928075868,64.63885055460878,7513.529456571413,5.853020771434793,73.1097699875017,10877.279358951097,8.098771701622974,-21.466905653196534,-5405.240587849562,-4.658355156641075,-12.995986220303607,-2041.4906854698784,-2.4126042264528937,8.470919432892927,3363.7499023796836,2.245750930188181
2025-05-28,11,11,65.03828003244752,8034.770298692727,5.577449712146208,91.14588600637175,28725.04213084801,6.946862197661644,94.41515568653841,19991.472179704415,8.257288344675539,26.107605973924237,20690.271832155282,1.3694124855154355,29.376875654090895,11956.701881011688,2.6798386325293304,3.2692696801666585,-8733.569951143596,1.310426147013895
2025-05-29,11,11,78.4135031217189,12709.617149159743,8.434749965896613,63.1976081319666,6519.695800915792,5.451728535125503,77.44143559533603,10777.508366253673,8.904169291713115,-15.215894989752307,-6189.921348243952,-2.9830214307711094,-0.9720675263828724,-1932.1087829060707,0.4694193258165029,14.243827463369435,4257.812565337881,3.4524407565876123
2025-05-30,11,11,109.52659480803122,17154.07488033409,16.493593530416685,128.13698111891088,25310.488810294566,17.391076611918933,129.8304123999095,24524.910881472457,23.302540309485916,18.61038631087966,8156.413929960476,0.8974830815022479,20.303817591878285,7370.836001138367,6.808946779069231,1.6934312809986238,-785.5779288221092,5.911463697566983
2025-05-31,11,11,106.96949469022434,23639.609004020018,10.186120197658658,57.50226486966856,7931.491052095251,6.723864482580695,91.99371263772115,15888.84907818269,8.550694170032283,-49.46722982055578,-15708.117951924767,-3.462255715077963,-14.975782052503192,-7750.759925837328,-1.6354260276263748,34.49144776805259,7957.358026087439,1.8268296874515881
2025-06-01,11,11,178.0340952674916,99971.96582749394,30.95970630854172,130.57144808771687,40090.28440871954,19.01396677076886,150.41228055370163,67944.85599173028,22.24515532915128,-47.462647179774734,-59881.6814187744,-11.945739537772859,-27.621814713789973,-32027.109835763666,-8.714550979390438,19.84083246598476,27854.571583010737,3.2311885583824207
2025-06-02,11,11,209.5445317727504,99409.6828262635,40.834061753942,161.79444517527426,50591.16639528882,29.092486771712785,188.25415676342453,83571.88704551327,35.162658731649124,-47.75008659747613,-48818.516430974676,-11.741574982229217,-21.290375009325857,-15837.795780750224,-5.671403022292878,26.45971158815027,32980.72065022445,6.070171959936339
2025-06-03,11,11,132.440528770597,47597.72563981721,14.573996871143533,123.84365738902116,36764.524830834736,12.30049779387583,127.20465134995824,54293.188848688624,14.665259340404889,-8.596871381575852,-10833.200808982474,-2.2734990772677026,-5.235877420638772,6695.463208871413,0.0912624692613555,3.36099396093708,17528.664017853887,2.364761546529058
2025-06-04,11,11,81.93533459163218,14929.886367445382,9.878078832510319,75.0671636856345,12585.92255214015,7.883810425635164,103.76160538629206,22799.326309503846,13.220988837635623,-6.868170905997687,-2343.963815305233,-1.9942684068751548,21.826270794659877,7869.439942058463,3.3429100051253045,28.694441700657563,10213.403757363696,5.337178412000459
2025-06-05,11,11,59.10718402210705,10723.089115289587,8.236131884605,89.78722080270568,18937.430015673817,9.693071657411094,88.79522575730033,17138.67892885679,14.014580498463785,30.680036780598627,8214.34090038423,1.4569397728060949,29.68804173519328,6415.589813567201,5.778448613858785,-0.9919950454053463,-1798.7510868170284,4.32150884105269
2025-06-06,11,11,75.90413488429367,11155.769302147239,9.80095097322539,86.29364517873331,13207.3863152122,8.761057766597355,77.51920811792341,12254.477098321588,10.421447195004049,10.389510294439646,2051.6170130649607,-1.0398932066280349,1.6150732336297438,1098.707796174349,0.6204962217786587,-8.774437060809902,-952.9092168906118,1.6603894284066936
2025-06-07,11,11,187.56957872914,149344.36181973436,32.13499760965741,168.8854195556667,117470.34295255286,26.153498759833283,169.2074633126009,141804.0698601644,27.3819958333498,-18.68415917347332,-31874.018867181498,-5.981498849824128,-18.362115416539098,-7540.291959569964,-4.75300177630761,0.32204375693422094,24333.726907611534,1.2284970735165182
2025-06-08,11,11,244.18819407095535,247041.80244921547,53.98964563658508,187.9776123791471,136462.5070373237,33.668068538895774,205.22711984285644,178730.55200705442,38.23470231662428,-56.210581691808244,-110579.29541189177,-20.321577097689307,-38.96107422809891,-68311.25044216105,-15.754943319960802,17.249507463709335,42268.04496973072,4.566633777728505
2025-06-09,11,11,260.5096124733736,163739.55450088743,50.32981543797916,186.27964674547977,66159.87878711025,26.76386979953749,190.40820365098477,93621.35917014888,29.96489941860145,-74.22996572789381,-97579.67571377718,-23.56594563844167,-70.1014088223888,-70118.19533073856,-20.364916019377706,4.1285569055050075,27461.480383038623,3.201029619063963
2025-06-10,11,11,212.830630683659,138360.4119145807,36.117283791768685,160.49373404917915,71336.73214844418,20.705528652375214,152.09004140783316,84360.00995131583,19.181657419673922,-52.33689663447984,-67023.67976613653,-15.41175513939347,-60.74058927582584,-54000.40196326487,-16.935626372094763,-8.403692641345998,13023.277802871657,-1.5238712327012927
2025-06-11,11,11,94.76859770215447,19725.12010149113,12.775074997576683,89.36555670496762,17788.855781602168,10.302714312734023,75.40013162255272,16095.0992836859,11.30845038299243,-5.403040997186849,-1936.2643198889637,-2.472360684842659,-19.368466079601745,-3630.0208178052308,-1.4666246145842532,-13.965425082414896,-1693.756497916267,1.005736070258406
2025-06-12,11,11,212.01305865201158,155570.24607208048,51.474402507218926,107.46437651381736,24340.626053587886,16.671590838743338,97.89292905039756,20538.299286265687,16.645596244129056,-104.54868213819422,-131229.6200184926,-34.802811668475584,-114.12012960161402,-135031.9467858148,-34.828806263089874,-9.571447463419801,-3802.3267673222,-0.025994594614282107
2025-06-13,11,11,92.36658375941602,25827.578460453173,12.43168237747132,59.40300191549836,9892.31586337084,6.500578906621637,94.02064456243737,18008.120604425236,10.342297691700944,-32.96358184391766,-15935.262597082332,-5.931103470849683,1.654060803021352,-7819.457856027937,-2.0893846857703764,34.61764264693901,8115.804741054395,3.8417187850793066
2025-06-14,11,11,171.22810334709018,120581.40087831748,28.34186600000236,133.64121303542018,61220.90946457652,17.264363665543353,178.56717854833357,111341.52402234572,29.996643047233636,-37.586890311670004,-59360.49141374096,-11.077502334459005,7.339075201243389,-9239.876855971757,1.6547770472312777,44.92596551291339,50120.6145577692,12.732279381690283
2025-06-15,11,11,168.1896435774149,85175.7438300603,28.52776570110592,129.56691299468412,46919.268403413116,18.073517697087144,141.30429929244318,66619.66194642018,18.7413069289927,-38.62273058273078,-38256.47542664718,-10.454248004018776,-26.885344284971723,-18556.081883640116,-9.786458772113221,11.737386297759059,19700.393543007063,0.6677892319055552
2025-06-16,11,11,193.07098179280374,76249.88593628956,36.29019545118111,117.55259583518374,20186.960954493687,19.893298629736417,109.22178901484426,21103.314845202804,20.29124356852439,-75.51838595762,-56062.92498179588,-16.396896821444695,-83.84919277795947,-55146.57109108676,-15.998951882656723,-8.330806820339475,916.353890709117,0.39794493878797255
2025-06-17,11,11,121.6519869719736,26250.80609077468,16.97939941978974,149.23537245921528,45406.71795064365,19.389096065855007,119.29460612424704,23207.438095483838,15.994808807819766,27.583385487241685,19155.91185986897,2.4096966460652673,-2.35738084772656,-3043.3679952908424,-0.9845906119699741,-29.940766334968245,-22199.279855159813,-3.3942872580352415
2025-06-18,11,11,135.08456086846223,38624.78123477547,21.065694635779742,165.55884908972044,73366.40906791092,26.41470651212345,106.18908676065513,23453.345736346964,13.363991729931854,30.474288221258206,34741.62783313545,5.349011876343706,-28.895474107807104,-15171.43549842851,-7.701702905847888,-59.36976232906531,-49913.06333156396,-13.050714782191594
2025-06-19,11,11,119.15156605086533,29192.929562051875,16.761581943084835,155.70390100926667,66755.64344218123,26.088751526286124,106.5389814308041,18121.5057218673,13.204650378256462,36.552334958401346,37562.713880129355,9.32716958320129,-12.612584620061227,-11071.423840184576,-3.556931564828373,-49.16491957846257,-48634.13772031393,-12.884101148029663
2025-06-20,11,11,195.537264252715,156601.31990991658,41.21144796464507,157.56916834256805,84887.71495309101,25.33724166317703,218.28334942300154,183079.66879978337,50.57229410818226,-37.96809591014696,-71713.60495682557,-15.874206301468039,22.746085170286534,26478.348889866786,9.360846143537195,60.71418108043349,98191.95384669236,25.235052445005234
2025-06-21,11,11,122.46285242925238,74527.25918437103,16.88764864474996,90.52162828743387,27730.250043847038,7.9359090361911475,128.34953402970544,89815.65989879843,19.925879686156392,-31.94122414181851,-46797.00914052399,-8.95173960855881,5.886681600453059,15288.400714427407,3.0382310414064335,37.82790574227157,62085.409854951395,11.989970649965244
2025-06-22,11,11,104.5000968783015,22981.84217510148,11.549898453519729,108.86521541159536,40178.65756381211,13.300410460434138,130.13544392257614,84429.50250379916,20.914907197204922,4.3651185332938525,17196.815388710627,1.7505120069144091,25.63534704427464,61447.660328697675,9.365008743685193,21.270228510980786,44250.84493998705,7.614496736770784
2025-06-23,11,11,159.74530888891744,47690.63234179792,26.87003215436421,186.93493409013547,90320.34589172204,35.14972150112744,151.6063484142049,39418.45632769167,22.63418435892124,27.189625201218035,42629.71354992412,8.279689346763227,-8.138960474712547,-8272.176014106255,-4.235847795442972,-35.32858567593058,-50901.889564030374,-12.515537142206199
2025-06-24,11,11,170.21899168703504,63285.13477200914,28.75314658288395,227.3125592579534,127185.6177109456,43.89928786271823,165.62109619634444,56434.01787282496,25.234443615614655,57.09356757091837,63900.48293893646,15.146141279834282,-4.597895490690604,-6851.116899184184,-3.518702967269295,-61.69146306160897,-70751.59983812064,-18.664844247103577
2025-06-25,11,11,196.166382213172,104634.08510376886,44.47023011848342,234.03871380076833,162450.0515031865,55.890331113245004,188.3541800978696,89945.63225127156,36.04488725740717,37.872331587596335,57815.96639941764,11.420100994761583,-7.812202115302398,-14688.4528524973,-8.425342861076253,-45.68453370289873,-72504.41925191494,-19.845443855837836
2025-06-26,11,11,189.83433567500595,99345.44178479956,40.146181599584494,218.99202004998125,153163.3389615209,51.455235329286616,171.14627797312676,89255.4704957492,32.60620692019751,29.157684374975304,53817.89717672134,11.309053729702121,-18.68805770187919,-10089.971289050358,-7.539974679386987,-47.84574207685449,-63907.868465771695,-18.849028409089108
2025-06-27,11,11,169.9874057715325,83387.09912759691,37.19650007548509,201.1325974086076,125404.66961123917,47.18957084463238,171.6423717720636,72253.44403376605,32.594034877402684,31.1451916370751,42017.57048364225,9.993070769147288,1.6549660005310898,-11133.655093830865,-4.602465198082406,-29.49022563654401,-53151.22557747312,-14.595535967229694
2025-06-28,11,11,97.79228610874283,13595.952973682755,12.464958303309926,144.4447908578074,37482.77907445401,20.196295119469955,108.55237587312928,18923.817075712424,14.71035287851977,46.65250474906456,23886.826100771257,7.731336816160029,10.76008976438645,5327.864102029669,2.2453945752098434,-35.89241498467811,-18558.961998741586,-5.485942240950186
2025-06-29,11,11,202.39629111137248,59217.84176442618,43.47156085879309,237.29715664016294,86833.80666982586,55.5965951109456,203.47477624163423,56764.20942221897,44.626342360068755,34.90086552879046,27615.964905399684,12.12503425215251,1.078485130261754,-2453.632342207209,1.1547815012756644,-33.82238039852871,-30069.597247606893,-10.970252750876845
2025-06-30,11,11,314.07526495295946,228433.93446481973,90.29381722892907,363.98102095850504,318625.8677929326,116.19834062180077,337.809123926015,263603.4197283756,102.99358167823722,49.905756005545584,90191.93332811288,25.904523392871695,23.733858973055533,35169.48526355589,12.699764449308148,-26.17189703249005,-55022.448064556986,-13.204758943563547
2025-07-01,11,11,324.0898165140281,236240.68307445393,103.69027179026216,383.13519025806585,355796.3682794809,135.4011651238933,397.112521692404,378452.64869432664,143.52178806106738,59.04537374403776,119555.68520502697,31.710893333631134,73.02270517837593,142211.9656198727,39.831516270805224,13.977331434338168,22656.280414845736,8.12062293717409
2025-07-02,11,11,270.9771899053869,177735.71017835801,75.73659125215606,313.8469655723982,250172.1627275371,94.96085998790609,350.2298504225109,307825.3030190741,116.49739629209363,42.869775667011254,72436.45254917908,19.22426873575003,79.25266051712396,130089.59284071607,40.760805039937566,36.3828848501127,57653.14029153698,21.536536304187536
2025-07-03,11,11,220.1761221518863,138865.0145157012,58.86574603078721,248.14386259189294,182259.41057680084,68.02148470611552,301.70604008782493,254157.9809382223,91.97966119154466,27.96774044000665,43394.39606109966,9.155738675328308,81.52991793593864,115292.9664225211,33.11391516075746,53.56217749593199,71898.57036142144,23.95817648542915
2025-07-04,11,11,226.03552410335718,121114.73943682598,59.239832845272275,246.3157478486088,153261.34987868476,68.46096889421047,304.88240358589013,229712.81351684363,98.06464178551391,20.280223745251618,32146.61044185878,9.221136048938192,78.84687948253296,108598.07408001764,38.82480894024164,58.56665573728134,76451.46363815886,29.603672891303447
2025-07-05,11,11,200.64831795799046,80644.12593312412,42.353744739649784,209.79001026924752,96522.46346274353,45.12630052048745,285.9693164105242,178676.72100172582,78.92561945603393,9.14169231125706,15878.337529619414,2.7725557808376635,85.32099845253373,98032.5950686017,36.571874716384144,76.17930614127667,82154.25753898229,33.79931893554648
2025-07-06,11,11,236.17138579063166,119281.52420277252,58.02241019938699,178.75084209924987,84923.20166980407,35.05392455054448,263.0033424359521,172198.1121719401,67.70932411740178,-57.420543691381795,-34358.32253296845,-22.96848564884251,26.831956645320446,52916.58796916758,9.686913918014788,84.25250033670224,87274.91050213603,32.6553995668573
2025-07-07,11,11,280.18080215545984,206098.78276133715,78.70356592329084,278.49294583203476,243775.6933994619,79.52287627747961,381.9622762489162,409554.7910708002,132.92798182686158,-1.6878563234250805,37676.91063812474,0.8193103541887723,101.78147409345638,203456.00830946307,54.224415903570744,103.46933041688146,165779.09767133833,53.40510554938197
2025-07-08,11,11,300.6255801553863,208240.8791250769,88.10157488091086,324.9297375170212,291308.408909979,103.26562498528202,419.92111007483777,463464.3975856513,162.50759207481786,24.304157361634907,83067.52978490209,15.164050104371157,119.2955299194515,255223.5184605744,74.406017193907,94.99137255781659,172155.98867567233,59.24196708953585
2025-07-09,11,11,300.96029905272985,273642.8723613713,97.90972548694616,333.86334038296354,355290.73052125686,118.24914506871511,418.09138979614903,535833.8925204495,174.5546390646231,32.90304133023369,81647.85815988557,20.33941958176895,117.13109074341918,262191.0201590782,76.64491357767695,84.22804941318549,180543.1619991926,56.305493995907995
2025-07-10,11,11,255.93933447301004,166092.36854671704,73.76453981190218,292.6025704911401,238097.7654787937,93.39751752934193,370.51155265548124,377792.27489785274,139.36215217650349,36.66323601813008,72005.39693207666,19.632977717439744,114.5722181824712,211699.9063511357,65.5976123646013,77.90898216434113,139694.50941905903,45.96463464716156
2025-07-11,11,11,189.18264109984648,111006.98289244338,51.39497979184168,220.76735209268,161500.76543068627,66.23594664654074,288.0784979629171,251488.53836447504,97.75748162088604,31.58471099283352,50493.782538242885,14.840966854699062,98.8958568630706,140481.55547203164,46.36250182904436,67.31114587023708,89987.77293378877,31.5215349743453
2025-07-12,11,11,162.7123650837282,60709.5087113897,29.792883718260715,198.20906087546072,100662.85588719361,44.5802293173831,277.8466903526503,190528.59190192414,80.09662253864859,35.49669579173252,39953.34717580391,14.787345599122386,115.13432526892208,129819.08319053444,50.30373882038788,79.63762947718956,89865.73601473053,35.51639322126549
2025-07-13,11,11,163.32465192756038,62157.40639723053,28.862876880392665,188.3304926085016,96006.10396668901,38.92086122650334,276.765629294452,198422.8703700659,78.19718773934981,25.00584068094122,33848.69756945848,10.057984346110675,113.44097736689164,136265.4639728354,49.33431085895715,88.43513668595043,102416.7664033769,39.276326512846474
2025-07-14,11,11,111.33336564611264,40008.395625247605,13.351356409419061,126.38393566573541,60406.561365550784,17.734186192356262,218.3119917844785,173017.6837681546,50.55761226686534,15.050570019622768,20398.16574030318,4.3828297829372005,106.97862613836585,133009.28814290697,37.20625585744628,91.92805611874309,112611.1224026038,32.82342607450908
2025-07-15,11,11,237.6719143799339,156262.98149488948,57.657998384312265,256.6334218348102,184519.61331463882,66.52203492875218,353.5372518338773,353094.3428385848,121.60354732919986,18.961507454876283,28256.63181974934,8.864036544439912,115.8653374539434,196831.36134369532,63.94554894488759,96.90382999906711,168574.72952394598,55.08151240044768
2025-07-16,11,11,47.43593286663659,4008.223388580585,4.72651293972535,81.43189702656542,13188.317673093412,9.012431046071951,186.34867271949844,77175.54803842421,37.512846719525676,33.99596415992883,9180.094284512827,4.285918106346601,138.91273985286185,73167.32464984362,32.78633377980033,104.91677569293302,63987.2303653308,28.500415673453723
2025-07-17,11,11,44.138501510239536,3655.019520833698,3.9048232825341787,54.317403271932854,5971.682662678528,4.124050753847875,152.86821632137165,60462.58189789732,23.18112146373247,10.178901761693318,2316.6631418448296,0.21922747131369658,108.72971481113211,56807.56237706362,19.276298181198293,98.5508130494388,54490.89923521879,19.057070709884595
2025-07-18,11,11,49.33815219211935,4109.197623100293,5.1785067287853614,64.57332537311423,11871.821875178292,5.942104444165992,145.84522516490776,73082.6187775518,25.662553231428966,15.235173180994877,7762.624252077999,0.7635977153806301,96.50707297278841,68973.42115445151,20.484046502643604,81.27189979179353,61210.79690237351,19.720448787262974
2025-07-19,11,11,81.93981422503997,29769.181335502548,9.024009350001387,75.38712806757763,18666.561568182024,7.922623842306069,104.30967117012105,17962.44363267801,18.66160756522072,-6.5526861574623325,-11102.619767320524,-1.1013855076953183,22.369856945081082,-11806.73770282454,9.637598215219333,28.922543102543415,-704.1179355040149,10.73898372291465
2025-07-20,11,11,152.40652104772727,91678.67592182476,25.89175032805792,149.64352045509438,80603.74018232623,24.453755765886374,97.46885018465208,16420.386678475945,13.922309290507894,-2.763000592632892,-11074.935739498527,-1.4379945621715464,-54.93767086307518,-75258.28924334882,-11.969441037550027,-52.17467027044229,-64183.35350385029,-10.53144647537848
2025-07-21,11,11,226.02122615568058,121186.84829313206,51.62757495960766,239.97216818730192,147336.1137791538,57.2796914531295,135.36554390474691,36004.31367820244,23.8659884953822,13.950942031621338,26149.26548602173,5.652116493521845,-90.65568225093367,-85182.53461492962,-27.761586464225456,-104.606624282555,-111331.80010095135,-33.413702957747304
2025-07-22,11,11,189.55235995354005,93724.22560944942,34.90687415303579,191.34158130549366,96527.4701723968,36.70357728719338,100.89293267088736,18105.9957131337,14.261817088454707,1.7892213519536142,2803.2445629473805,1.796703134157596,-88.65942728265269,-75618.22989631572,-20.64505706458108,-90.4486486346063,-78421.4744592631,-22.441760198738677
2025-07-23,11,11,184.49643724600222,74168.7206934336,36.33653502013352,165.5127945743244,55792.13841114785,30.09600122359651,82.63649764262898,9672.74352315814,14.72576105755765,-18.983642671677813,-18376.58228228575,-6.240533796537008,-101.85993960337323,-64495.97717027546,-21.61077396257587,-82.87629693169542,-46119.39488798971,-15.37024016603886
2025-07-24,11,11,114.57918506991722,22878.13433053494,19.229972859030408,97.43540139996986,14713.774064811309,13.486335731979729,83.4481408749506,11577.650519821651,10.890577640026802,-17.143783669947354,-8164.3602657236315,-5.743637127050679,-31.13104419496662,-11300.48381071329,-8.339395219003606,-13.987260525019266,-3136.1235449896576,-2.595758091952927
2025-07-25,11,11,131.02207602976102,31285.5603995097,25.774609978181523,123.79331681814189,23759.886017223194,24.219301838102886,79.67567304837604,8332.999751757978,12.046749236906264,-7.228759211619135,-7525.674382286506,-1.5553081400786368,-51.34640298138498,-22952.56064775172,-13.72786074127526,-44.11764376976585,-15426.886265465217,-12.172552601196623
2025-07-26,11,11,262.87243200592,165148.61533398906,69.90631050079604,251.93974953846876,141230.17388325057,64.95864046153642,159.25409832732902,54263.5464635964,33.47410833883355,-10.932682467451258,-23918.441450738494,-4.94767003925962,-103.618333678591,-110885.06887039266,-36.432202161962486,-92.68565121113974,-86966.62741965416,-31.484532122702866
2025-07-27,11,11,353.54610210088106,296588.7884069083,117.21192792502353,360.3334789169747,289051.85925642663,119.66429819110402,267.4165450892466,153801.36451081603,75.54596984177759,6.7873768160936265,-7536.92915048165,2.452370266080493,-86.12955701163446,-142787.42389609225,-41.66595808324594,-92.91693382772809,-135250.4947456106,-44.11832834932643
2025-07-28,11,11,469.2022497794014,484553.921303731,189.6509546369388,496.31452407744274,531456.2963193572,215.28611848143754,385.5107209281495,299646.38429338875,132.12802137979867,27.112274298041314,46902.375015626254,25.63516384449875,-83.69152885125192,-184907.53701034223,-57.522933257140124,-110.80380314929323,-231809.9120259685,-83.15809710163887
2025-07-29,11,11,421.0549390220018,368033.64526995295,158.61766910222153,476.0544962763594,437360.7684848348,214.78349063806934,366.2706797088768,240651.24232365147,132.78100995682627,54.99955725435757,69327.12321488187,56.16582153584781,-54.784259313125006,-127382.40294630147,-25.83665914539526,-109.78381656748257,-196709.52616118334,-82.00248068124307
2025-07-30,11,11,244.27657822978034,152457.18280553014,68.44799049746354,246.3133195424517,178322.59688789773,78.89003197818434,182.79272983893227,77438.50903953955,42.48931288644773,2.036741312671353,25865.414082367584,10.442041480720803,-61.48384839084807,-75018.67376599059,-25.95867761101581,-63.52058970351942,-100884.08784835818,-36.40071909173661
2025-07-31,11,11,95.29909981768488,14397.027722087172,20.830126852520515,129.09596488144643,28765.427313585755,35.44477388398014,82.1040341482118,12085.126263354106,18.39679236245217,33.79686506376156,14368.399591498583,14.614647031459626,-13.195065669473081,-2311.9014587330657,-2.4333344900683436,-46.99193073323464,-16680.301050231647,-17.04798152152797
2025-08-01,11,11,125.59196887258786,30366.71922094234,20.854600714031086,103.30729058187836,23206.698364273925,25.21176609432383,59.63452452259774,7815.653679191201,12.329113216063392,-22.284678290709493,-7160.020856668416,4.357165380292745,-65.95744434999011,-22551.06554175114,-8.525487497967694,-43.672766059280626,-15391.044685082725,-12.882652878260439
2025-08-02,11,11,211.50195883800544,81085.7389226999,47.177315054355795,247.43634474560213,130784.02463900638,66.94508831168916,200.48670619656738,77029.36656280096,50.30121865270042,35.93438590759669,49698.28571630649,19.767773257333367,-11.015252641438053,-4056.372359898931,3.1239035983446257,-46.949638549034745,-53754.65807620542,-16.64386965898874
2025-08-03,11,11,375.96933140922937,330644.92255850387,128.43661710809974,355.55947571456056,290895.83532464696,116.24007791137382,334.1517230602245,245247.12913087755,109.89122660529355,-20.409855694668806,-39749.0872338569,-12.196539196725922,-41.81760834900484,-85397.79342762631,-18.545390502806185,-21.407752654336036,-45648.70619376941,-6.348851306080263
2025-08-04,11,11,466.6829916730376,471920.77341343684,195.57698879013378,461.4017547316816,443630.1212552532,189.6287023777677,466.0520345713396,428372.0007757254,195.7468412605716,-5.281236941355985,-28290.652158183628,-5.9482864123660875,-0.6309571016979589,-43548.77263771143,0.16985247043783147,4.650279839658026,-15258.120479527803,6.118138882803919
2025-08-05,11,11,401.6751281354184,361150.95958603127,150.71135515436796,406.4081659411066,353815.5326244467,154.3492828915314,420.7907261679211,368781.47759859875,168.78483472411378,4.733037805688184,-7335.426961584541,3.6379277371634373,19.115598032502703,7630.5180125674815,18.073479569745814,14.382560226814519,14965.944974152022,14.435551832582377
2025-08-06,11,11,311.3730116916858,245991.24295534138,104.76395587603189,333.42847177710354,251387.99641997283,119.24862544978743,361.52227046368074,285812.12345151947,136.5259249812925,22.055460085417735,5396.753464631445,14.48466957375554,50.14925877199494,39820.880496178084,31.761969105260604,28.093798686577202,34424.12703154664,17.277299531505065
2025-08-07,11,11,230.07813238003482,113490.29174932148,64.31794682067185,234.58735380853278,106585.8076746359,66.47342781887014,280.3383561570397,147941.99873143755,89.67902932891774,4.509221428497966,-6904.484074685577,2.1554809981982856,50.26022377700488,34451.70698211607,25.361082508245886,45.751002348506915,41356.19105680165,23.2056015100476
2025-08-08,11,11,176.7603915560853,85539.61287500062,47.55711135307328,159.59775590621211,64666.71415198489,39.96966908567204,205.7280486208773,101168.8241264521,58.7969783659656,-17.16263564987318,-20872.89872301573,-7.587442267401244,28.967657064792007,15629.211251451488,11.239867012892319,46.13029271466519,36502.10997446722,18.827309280293562
2025-08-09,11,11,229.67092247559228,145784.58130889828,54.02483640544292,204.41570780648527,99456.12186030882,41.99577741898386,275.2602971009348,176462.58967260565,77.59992221443031,-25.255214669107005,-46328.45944858946,-12.029058986459056,45.589374625342515,30678.00836370737,23.57508580898739,70.84458929444952,77006.46781229683,35.604144795446445
2025-08-10,11,11,320.69005957549325,273616.2095054455,97.64074761797639,303.97943970350866,227895.2424221524,88.0305526527285,373.77027245168466,336300.50118920946,136.01621854904596,-16.71061987198459,-45720.9670832931,-9.610194965247885,53.08021287619141,62684.291683763964,38.37547093106957,69.790832748176,108405.25876705706,47.98566589631746
2025-08-11,11,11,506.54146326142853,566317.0215966839,217.76403130618985,541.3402295842496,592379.0664135066,261.04571258281266,595.5362318307135,716370.397182828,318.74747045498094,34.79876632282111,26062.044816822745,43.281681276622805,88.99476856928499,150053.37558614416,100.98343914879109,54.19600224646388,123991.33076932142,57.70175787216829
2025-08-12,11,11,415.99230666550187,389460.5543099046,155.6982140936441,461.6212172796176,465867.4548395823,191.70526620970702,504.19593653039647,553490.1695404724,233.1311894600457,45.62891061411574,76406.90052967775,36.00705211606291,88.2036298648946,164029.61523056787,77.43297536640159,42.574719250778855,87622.71470089012,41.425923250338684
2025-08-13,11,11,333.0801453879534,251963.44701786802,114.87810048749297,370.67853104795944,316124.6700643226,137.15888035225694,411.1262210079613,373849.26524663885,164.12876833411727,37.598385660006045,64161.22304645457,22.28077986476397,78.04607562000791,121885.81822877083,49.250667846624296,40.44768996000187,57724.59518231626,26.969887981860325
2025-08-14,11,11,175.84017135933962,77132.72266792075,44.4955180945072,182.72396125809902,79509.71283460307,46.48561057181682,228.43326517487367,119329.82151017674,62.662235661981164,6.883789898759403,2376.9901666823134,1.9900924773096236,52.59309381553405,42197.09884225599,18.166717567473967,45.709303916774644,39820.108675573676,16.176625090164343
2025-08-15,11,11,419.51448485010275,444074.004998355,178.7120919398973,484.61585639048883,633679.5706115981,246.88544266223315,524.4927838083833,726636.3846585153,290.91430035982194,65.10137154038608,189605.5656132431,68.17335072233584,104.9782989582805,282562.37966016034,112.20220841992463,39.87692741789442,92956.81404691725,44.02885769758879
2025-08-16,11,11,362.5925841588965,319247.0487212692,120.38202007236309,391.961791145728,354415.1241618008,142.32378925937115,434.9325184807767,435315.0858198762,180.50938822125752,29.3692069868315,35168.0754405316,21.941769187008063,72.33993432188021,116068.03709860705,60.12736814889443,42.97072733504871,80899.96165807545,38.18559896188637
2025-08-17,11,11,486.68230469540055,593395.3916113459,204.30305361500467,497.07498641860434,578522.7241802918,213.5358827263135,552.0832483434909,721340.3685226247,266.2301721245353,10.392681723203793,-14872.667431054171,9.232829111308831,65.40094364809039,127944.97691127879,61.9271185095306,55.0082619248866,142817.64434233296,52.69428939822177
2025-08-18,11,11,478.4920346913599,490425.555387038,206.51557863603193,487.82029288631713,478514.2760755175,212.8240690829058,550.7933969428918,630115.8383414476,267.6123627965875,9.328258194957243,-11911.279311520455,6.308490446873861,72.30136225153194,139690.28295440966,61.09678416055556,62.9731040565747,151601.56226593012,54.788293713681696
2025-08-19,11,11,381.9711742532993,284986.6581986697,144.54902241023603,401.2107957912467,307856.14306273847,155.05307542369857,463.8930514213085,423859.31884985755,201.9429665176157,19.239621537947414,22869.48486406874,10.504053013462539,81.92187716800919,138872.66065118782,57.39394410737967,62.682255630061775,116003.17578711908,46.88989109391713
2025-08-20,11,11,315.7752253984855,171153.18402737848,102.54775068084427,336.7630594937783,193198.60385484344,113.52711430325733,386.92385043237283,262004.87789124995,145.09126950901563,20.98783409529284,22045.419827464968,10.97936362241306,71.14862503388736,90851.69386387148,42.54351882817136,50.160790938594516,68806.27403640651,31.564155205758297
2025-08-21,11,11,172.56391969483235,49959.92301218836,40.67766488887655,123.52038506291137,28600.281547217935,32.89845451162942,168.87923012746649,40972.617805056616,48.27793677913674,-49.04353463192098,-21359.641464970424,-7.779210377247132,-3.684689567365865,-8987.305207131743,7.6002718902601885,45.35884506455511,12372.33625783868,15.37948226750732
2025-08-22,11,11,178.93706992138456,67290.06201120316,54.45930699710797,119.50676806259365,36767.77594473955,42.454791389983946,166.23179961033767,50262.30492149159,54.385872595713586,-59.43030185879091,-30522.28606646361,-12.004515607124027,-12.705270311046888,-17027.757089711573,-0.07343440139438684,46.725031547744024,13494.528976752037,11.93108120572964
2025-08-23,11,11,323.50862593237383,237406.20896999797,99.1360513753841,284.0928488407463,176443.05797764292,74.59010380875314,369.4611645796306,314703.67486122804,126.08909512250646,-39.41577709162755,-60963.15099235505,-24.545947566630957,45.952538647256745,77297.46589123007,26.953043747122365,85.36831573888429,138260.6168835851,51.49899131375332
2025-08-24,11,11,426.17546734874327,417120.0599912664,153.5619285899443,390.84589186315645,309344.21115728986,132.06974490212957,482.44278513435415,525664.6451331731,204.8641043488962,-35.329575485586815,-107775.84883397655,-21.49218368781473,56.267317785610885,108544.58514190669,51.302175758951904,91.5968932711977,216320.43397588324,72.79435944676663
2025-08-25,11,11,436.77752844878944,350002.2347643474,166.2673959415967,430.0773851679021,314793.4310076241,167.24209600758638,506.8315176172684,480050.820500501,219.83595381606526,-6.700143280887346,-35208.8037567233,0.9747000659896798,70.05398916847895,130048.58573615365,53.56855787446855,76.7541324493663,165257.38949287694,52.59385780847887
2025-08-26,11,11,344.226205479429,229922.75576460463,113.4679837004076,352.00614432322186,222454.50945462708,122.24421136970626,422.9014254110194,359780.90395501093,162.66766643780278,7.779938843792877,-7468.246309977549,8.776227669298663,78.67521993159039,129858.1481904063,49.19968273739518,70.89528108779751,137326.39450038385,40.423455068096516
2025-08-27,11,11,249.5470777010296,114172.94400253883,79.76048956457348,257.33768492949275,115227.41280794908,87.08986920199673,327.90354458175386,195919.43154928068,112.92959842118121,7.790607228463159,1054.4688054102444,7.3293796374232585,78.35646688072427,81746.48754674185,33.169108856607735,70.56585965226111,80692.0187413316,25.839729219184477
2025-08-28,11,11,124.2169270080386,30243.94253547336,38.14426397516192,121.48559177686128,31603.687388535833,39.16111271292826,191.15886512072765,54680.83080427081,48.54798465116764,-2.7313352311773116,1359.7448530624715,1.0168487377663382,66.94193811268906,24436.888268797447,10.403720676005719,69.67327334386637,23077.143415734976,9.38687193823938
2025-08-29,11,11,124.97957119920206,37418.975367264415,39.77143846730368,127.16519949434775,38657.53042110947,41.486399327058585,173.85518705532306,59466.58038317619,46.73517669782668,2.1856282951456905,1238.5550538450552,1.7149608597549033,48.875615856121,22047.605015911773,6.963738230522999,46.68998756097531,20809.049962066718,5.248777370768096
2025-08-30,11,11,122.90417662363338,27985.688649336542,28.49002796853629,125.52916843184624,30292.14766466491,30.99954351260237,195.2431680408279,72971.70170754302,43.564840354113635,2.6249918082128687,2306.459015328368,2.5095155440660797,72.33899141719452,44986.013058206474,15.074812385577346,69.71399960898165,42679.55404287811,12.565296841511266
2025-08-31,11,11,240.07287516100544,122384.92458464405,59.18706993010506,253.46961659153922,124570.4560454535,66.58989270023395,325.1409608230858,232972.82844191988,96.35169268173377,13.39674143053378,2185.5314608094486,7.402822770128886,85.06808566208034,110587.90385727583,37.164622751628706,71.67134423154656,108402.37239646638,29.76179998149982
2025-09-01,11,11,280.0443511028465,124727.10003504064,93.62263827397506,282.7540037843318,124125.44923492942,98.35782125949864,351.0532238925862,197973.81246463422,124.01164036926974,2.709652681485295,-601.6508001112234,4.735182985523579,71.00887278973966,73246.71242959358,30.389002095294686,68.29922010825436,73848.3632297048,25.653819109771106
2025-09-02,11,11,241.33817598725818,89729.50842154551,82.61672231368361,239.88199288852982,86639.88324392888,74.46757097323643,296.9374985887366,140616.5729104449,95.13505484617214,-1.45618309872836,-3089.625177616632,-8.149151340447176,55.599322601478434,50887.064488899385,12.518332532488529,57.055505700206794,53976.68966651602,20.667483872935705
2025-09-03,11,11,194.72237714949716,66759.86272969843,56.9905535121439,171.57298933097772,48249.19539048494,42.96008334031259,231.25899075984682,96051.48735811027,59.09877954389342,-23.149387818519443,-18510.66733921349,-14.030470171831304,36.53661361034966,29291.62462841184,2.108226031749524,59.686001428869105,47802.29196762533,16.138696203580828
2025-09-04,11,11,135.3861852925536,36193.73160869319,31.972019313400097,95.32085148488605,16971.836258010033,20.143078611263373,148.32189408263582,41911.92330344375,27.707048047468483,-40.06533380766754,-19221.895350683157,-11.828940702136723,12.93570879008223,5718.19169475056,-4.264971265931614,53.00104259774977,24940.087045433716,7.5639694362051095
2025-09-05,11,11,122.77026336365552,30081.291231706018,33.24527782187759,110.9842194969476,24863.731152602133,26.271483629132298,130.5220683500493,27054.02600839372,25.023937207627046,-11.786043866707914,-5217.560079103885,-6.973794192745295,7.751804986393779,-3027.265223312297,-8.221340614250547,19.537848853101693,2190.294855791588,-1.2475464215052519
2025-09-06,11,11,213.8535139793531,86337.76126531772,57.630421013109896,184.830439886256,62522.1041156681,47.64371283018758,240.9067183582346,103128.04421241164,59.651800998064225,-29.023074093097108,-23815.657149649618,-9.986708182922314,27.053204378881503,16790.282947093918,2.0213799849543292,56.07627847197861,40605.940096743536,12.008088167876643
2025-09-07,11,11,282.245563661008,155788.9667386247,90.68715217158166,264.87510185083744,135940.49314061285,83.36053442549036,315.310667981967,192199.19043337705,94.44159162100931,-17.370461810170582,-19848.473598011857,-7.326617746091301,33.065104320958994,36410.22369475235,3.7544394494276503,50.435566131129576,56258.697292764205,11.081057195518952
2025-09-08,11,11,357.28004471018505,232444.6504735768,120.63586136153394,344.725009200829,209083.3780708908,110.91235203310407,389.3591106431175,277133.64140232414,125.34301029549015,-12.55503550935606,-23361.27240268601,-9.72350932842987,32.07906593293245,44688.99092874734,4.707148933956205,44.63410144228851,68050.26333143335,14.430658262386075
2025-09-09,11,11,254.75712697977832,113679.97943967603,68.0244787038301,274.05933819202914,120535.38040237004,82.23142567865575,306.7842771189976,155193.9338412437,94.15437305824001,19.302211212250825,6855.40096269401,14.206946974825655,52.02715013921926,41513.95440156768,26.129894354409913,32.724938926968434,34658.55343887367,11.922947379584258
2025-09-10,11,11,199.45662296192768,76420.85430518082,50.32907557053547,222.36771789154452,97869.14883336062,57.872817531151824,233.6408152703544,110535.74867831655,55.20806123847585,22.911094929616837,21448.294528179802,7.543741960616352,34.18419230842673,34114.89437313573,4.878985667940377,11.273097378809894,12666.599844955927,-2.6647562926759747
2025-09-11,11,11,133.9271543195531,33762.10629421795,35.907999619793614,144.12309274484653,35760.949577984095,35.38825719200201,150.42445052878028,36497.92752986281,31.3711645650569,10.195938425293434,1998.8432837661458,-0.5197424277916056,16.497296209227187,2735.821235644864,-4.536835054736713,6.301357783933753,736.9779518787182,-4.017092626945107
2025-09-12,11,11,160.31070673962972,49230.5758212747,37.565240785996025,159.20818838928574,54877.41491310974,35.60281761716994,155.3303815911668,53702.93409341795,31.153731570400154,-1.1025183503439848,5646.839091835034,-1.962423168826085,-4.980325148462924,4472.358272143247,-6.411509215595871,-3.8778067981189395,-1174.4808196917875,-4.449086046769786
2025-09-13,11,11,305.3708887168725,249298.08099555448,90.43408122878793,308.2972518897388,249184.0427686007,90.19917890981709,331.64744527434556,278565.3149196157,103.55079334374804,2.9263631728662745,-114.03822695379495,-0.23490231897083902,26.276556557473043,29267.233924061205,13.116712114960109,23.35019338460677,29381.272151015,13.351614433930948
2025-09-14,11,11,301.381518029195,253847.7520006407,85.89471231540357,311.189318491086,281139.4112305001,90.5672435421467,315.4575233468549,283131.5434843581,89.17145268989185,9.80780046189102,27291.65922985939,4.672531226743132,14.076005317659906,29283.791483717418,3.276740374488284,4.268204855768886,1992.132253858028,-1.395790852254848
2025-09-15,11,11,182.5513958679686,57496.47459689018,43.09105512401667,184.22343876038974,66802.9777357353,42.78667609459303,162.1406702699315,55599.05051227427,33.746989931925306,1.672042892421132,9306.503138845124,-0.30437902942364303,-20.410725598037118,-1897.4240846159082,-9.344065192091364,-22.08276849045825,-11203.927223461033,-9.03968616266772
2025-09-16,11,11,108.78760268667416,20592.817252441742,25.16360655166354,122.75453591126735,25276.326001105317,25.830750400278568,103.75769703522205,18971.655860106894,20.4620486791805,13.966933224593191,4683.508748663575,0.6671438486150265,-5.029905651452111,-1621.1613923348486,-4.70155787248304,-18.996838876045302,-6304.670140998423,-5.368701721098066
2025-09-17,11,11,158.84363155507444,37346.84713612805,31.173757185123087,139.96583429293878,26603.446002845212,28.24578781117848,130.12256871329734,23455.15849353739,20.43077258160521,-18.87779726213566,-10743.401133282841,-2.927969373944606,-28.721062841777098,-13891.688642590663,-10.742984603517876,-9.84326557964144,-3148.287509307822,-7.8150152295732696
2025-09-18,11,11,170.73882828815763,72070.22432226423,31.94571553682389,146.14346578537354,53200.59512249958,25.059620296431582,148.31523382276643,61108.67749449443,23.78278846808247,-24.5953625027841,-18869.629199764648,-6.886095240392308,-22.423594465391204,-10961.546827769795,-8.162927068741421,2.1717680373928943,7908.082371994853,-1.2768318283491134
2025-09-19,11,11,145.60486652346714,41294.15226388711,33.051241416414825,160.3689255890459,53093.5894541005,34.953953069833794,148.72427351643185,43374.93704861295,32.674635667369664,14.76405906557875,11799.437190213386,1.9027116534189688,3.119406992964713,2080.784784725838,-0.37660574904516153,-11.644652072614036,-9718.652405487548,-2.2793174024641303
2025-09-20,11,11,124.35768299629923,34075.293453852755,31.00627310036699,181.809146284182,78130.53221045133,42.63989465243381,183.02665375069196,73359.78333528797,42.39904885586539,57.45146328788276,44055.23875659858,11.63362155206682,58.66897075439273,39284.48988143521,11.392775755498398,1.2175074665099714,-4770.748875163365,-0.2408457965684221
2025-09-21,11,11,246.63645116009485,128193.00469031376,89.04381489935854,269.64669097849526,155161.682562682,91.72014919238819,273.88463733484036,149442.5165262664,90.46656398973597,23.010239818400407,26968.677872368236,2.6763342930296545,27.248186174745513,21249.511835952653,1.4227490903774367,4.237946356345105,-5719.166036415583,-1.2535852026522178
2025-09-22,11,11,252.1716375668589,111301.9429665742,75.73053188647258,213.64081317254602,77114.34703911922,61.022720704633116,213.87935877627396,72018.2174545909,56.96622117428985,-38.53082439431287,-34187.59592745498,-14.70781118183946,-38.29227879058493,-39283.72551198331,-18.764310712182727,0.23854560372794253,-5096.129584528331,-4.056499530343267
2025-09-23,11,11,225.4775606541918,87817.70029604822,66.8816866234614,207.72688029613636,77342.29739730485,62.38056952181511,202.0683981335765,72224.28488549298,56.90846357570868,-17.750680358055433,-10475.40289874337,-4.501117101646294,-23.409162520615297,-15593.415410555244,-9.973223047752725,-5.658482162559864,-5118.012511811874,-5.472105946106431
2025-09-24,11,11,155.039893347644,52643.220631025084,46.331443633574445,182.6885536124564,65382.12461118584,52.57084277197014,173.48457605568282,54705.307455097696,43.57011179497129,27.648660264812378,12738.903980160758,6.239399138395697,18.444682708038812,2062.086824072612,-2.761331838603155,-9.203977556773566,-10676.817156088146,-9.000730976998852
2025-09-25,11,11,133.61648352771502,36682.9512451849,26.565549693693583,109.08540452631601,26324.608016825245,26.65809216945266,110.10638089908349,24006.64999195712,21.411732688721052,-24.531079001399007,-10358.343228359656,0.09254247575907826,-23.51010262863153,-12676.301253227779,-5.153817004972531,1.0209763727674783,-2317.958024868123,-5.246359480731609
2025-09-26,11,11,229.7899834381483,154113.17964674524,57.623361197383566,208.29277193164896,127074.36930361004,47.668330025649,190.47968549852186,100386.70638653128,40.9483352711888,-21.497211506499355,-27038.810343135192,-9.955031171734568,-39.31029793962645,-53726.473260213956,-16.675025926194763,-17.813086433127097,-26687.662917078764,-6.7199947544601955
2025-09-27,11,11,160.31432671449997,53701.12335120643,35.96869733721438,125.04551957103503,33693.544200930584,32.14997682756482,129.62096392720568,36804.602083011036,27.028719007559744,-35.26880714346494,-20007.579150275844,-3.818720509649559,-30.69336278729429,-16896.521268195393,-8.939978329654636,4.5754443561706495,3111.0578820804512,-5.121257820005077
2025-09-28,11,11,164.3436218906869,45149.247951770856,33.78261527233891,156.44780244176536,38489.13580678276,28.675327783749754,173.7888633330381,48771.52056998834,33.28945004148687,-7.895819448921543,-6660.112144988096,-5.107287488589154,9.445241442351204,3622.272618217481,-0.49316523085203556,17.341060891272747,10282.384763205577,4.614122257737119
2025-09-29,11,11,156.89389917363982,45222.529168984714,43.409710904331284,148.46161951596244,40142.49444194934,37.115977235760845,150.07077563527227,41857.352264098176,35.90897269818841,-8.432279657677384,-5080.034727035374,-6.2937336685704395,-6.823123538367554,-3365.176904886539,-7.500738206142877,1.60915611930983,1714.857822148835,-1.2070045375724376
2025-09-30,11,11,152.71915167846558,67308.1510888437,30.13900893404834,114.28028899059231,36371.08995805137,22.752432773020562,105.83785320864662,30409.784637981138,15.727539696377864,-38.43886268787327,-30937.061130792332,-7.386576161027779,-46.88129846981896,-36898.366450862566,-14.411469237670477,-8.44243578194569,-5961.305320070234,-7.024893076642698
2025-10-01,11,11,184.9062081177231,80963.11057145138,34.36471727152569,162.50142181587546,57814.881329700984,28.741430297173096,141.90148121681102,51375.60336838942,21.367681254585396,-22.40478630184765,-23148.2292417504,-5.623286974352595,-43.00472690091209,-29587.507203061963,-12.997036016940296,-20.59994059906444,-6439.277961311564,-7.373749042587701
2025-10-02,11,11,168.96853538118924,45440.90560229677,32.85872061535169,133.9550560988621,28308.877905254194,28.613705355565415,117.05776897249257,24617.27703450143,21.17767831227765,-35.013479282327154,-17132.027697042577,-4.245015259786278,-51.910766408696674,-20823.628567795342,-11.681042303074044,-16.89728712636952,-3691.6008707527653,-7.4360270432877655
2025-10-03,11,11,167.18359114264535,84282.1483852351,28.122578011190793,131.76337141991678,48783.65423669668,17.999228591272956,116.84725061074997,46168.124984504786,14.648629247618937,-35.420219722728575,-35498.49414853841,-10.123349419917837,-50.33634053189539,-38114.02340073031,-13.473948763571856,-14.916120809166813,-2615.5292521918964,-3.35059934365402
2025-10-04,11,11,101.90536189421705,15734.38133600938,16.507561529118895,113.1899173806914,19140.745989300223,17.419342493354076,111.11340533195958,20247.45755231933,15.694661466710313,11.284555486474346,3406.3646532908424,0.9117809642351808,9.208043437742532,4513.07621630995,-0.8129000624085823,-2.0765120487318143,1106.7115630191074,-1.724681026643763
2025-10-05,11,11,149.69502394025642,47501.91671705405,40.810414899885245,121.79553513143405,33197.125607089845,29.063122923604602,127.5499357842188,30700.564290643528,23.60935169457487,-27.89948880882237,-14304.791109964208,-11.747291976280643,-22.145088156037616,-16801.352426410525,-17.201063205310376,5.754400652784753,-2496.5613164463175,-5.4537712290297335
2025-10-06,11,11,200.26147551474187,68486.43711142801,65.79057665542013,184.18526555863485,54104.77820916343,49.8224236462387,183.04436026554248,56897.072023974455,51.399577059965026,-16.07620995610702,-14381.658902264579,-15.968153009181428,-17.217115249199395,-11589.365087453552,-14.3909995954551,-1.1409052930923735,2792.293814811026,1.5771534137263288
2025-10-07,11,11,177.15304725410098,57929.1059237391,45.876961149174114,202.43304548038793,72230.12993554653,51.33345289394745,194.10432179560212,62751.97259777852,44.51935435227543,25.27999822628695,14301.024011807429,5.456491744773338,16.951274541501135,4822.866674039418,-1.3576067968986862,-8.328723684785814,-9478.15733776801,-6.814098541672024
2025-10-08,11,11,127.84259106336687,33976.656399128304,30.11931121868504,149.87600870440045,45142.789065626304,39.0640831107714,151.95120016266074,41917.47488983276,35.18244846315168,22.03341764103358,11166.132666498,8.944771892086358,24.108609099293872,7940.818490704456,5.063137244466638,2.075191458260292,-3225.3141757935446,-3.8816346476197197
2025-10-09,11,11,103.23243357687844,21113.441802390353,20.626839881946513,130.08758937743826,30374.83978337294,22.992909907978284,133.7657620035385,29426.3666271416,21.807447889747205,26.855155800559828,9261.397980982587,2.366070026031771,30.533328426660063,8312.924824751248,1.1806080078006929,3.6781726261002348,-948.4731562313391,-1.1854620182310782
2025-10-10,11,11,109.04102958814879,25645.472879374636,24.021024599859945,117.55953980581758,27515.69726353753,22.393600843603647,112.52162862368199,27032.555541538688,19.774261979226676,8.51851021766879,1870.2243841628951,-1.6274237562562988,3.480599035533203,1387.0826621640517,-4.24676262063327,-5.037911182135588,-483.1417219988434,-2.619338864376971
2025-10-11,11,11,176.18519141099563,65767.69216182531,37.24089786288298,166.963795076276,63589.332105549096,30.303700923687156,191.86768471998496,81934.34370478535,33.65559184541883,-9.221396334719628,-2178.360056276215,-6.937196939195825,15.682493308989336,16166.65154296004,-3.5853060174641485,24.903889643708965,18345.011599236255,3.351890921731677
2025-10-12,11,11,289.4332391380974,189772.041133608,85.9762779642963,277.481862200688,174075.19078900132,76.32170284471145,291.6480828670357,183219.20580262196,74.14688681527713,-11.951376937409407,-15696.850344606675,-9.654575119584848,2.2148437289383196,-6552.8353309860395,-11.829391149019173,14.166220666347726,9144.015013620636,-2.174816029434325
2025-10-13,11,11,296.87043473565024,147700.19594129318,100.23142664160883,303.62834354333296,158580.43020444445,96.68187015299227,302.0237283032333,155531.11374861133,91.8052603517141,6.757908807682725,10880.234263151273,-3.5495564886165596,5.153293567583091,7830.917807318154,-8.426166289894738,-1.6046152400996334,-3049.316455833119,-4.876609801278178
2025-10-14,11,11,201.91726849421505,70048.33039357736,61.68020200966268,219.64031593928632,83187.93437798313,59.597832214526925,227.1369256060855,81811.19602738683,59.878764614403615,17.723047445071273,13139.603984405767,-2.0823697951357545,25.219657111870447,11762.865633809473,-1.8014373952590645,7.4966096667991735,-1376.7383505962935,0.28093239987668994
2025-10-15,11,11,144.1166141162483,34020.84099155649,34.94293353060213,136.3336532799784,35377.08492348078,32.67978876669153,140.70459584559322,34827.85162267349,32.66273558325365,-7.782960836269893,1356.2439319242912,-2.263144763910603,-3.412018270655068,807.0106311169948,-2.2801979473484835,4.3709425656148255,-549.2333008072965,-0.017053183437880648
2025-10-16,11,11,134.2906739152619,30639.682408756486,35.204934832695805,110.42420722090264,24662.77159001783,27.08946477210715,97.74131004311502,20047.055512574138,22.157129730614304,-23.866466694359247,-5976.9108187386555,-8.115470060588656,-36.54936387214687,-10592.626896182348,-13.047805102081501,-12.682897177787623,-4615.7160774436925,-4.932335041492845
2025-10-17,11,11,154.62173219588524,39336.13387813224,45.8123673487452,155.8975725781545,39814.422485283,39.42047060440295,134.2571908374852,31503.63191805495,31.952607190020434,1.2758403822692514,478.2886071507601,-6.391896744342247,-20.364541358400032,-7832.50196007729,-13.859760158724765,-21.640381740669284,-8310.79056722805,-7.467863414382517
2025-10-18,11,11,245.34142975320538,150679.9602512432,63.758449550782714,264.4509316093076,174909.61222188923,68.56098324628493,247.45252084880897,151657.2090970061,57.59903296230279,19.109501856102213,24229.651970646024,4.80253369550222,2.111091095603598,977.2488457628933,-6.159416588479921,-16.998410760498615,-23252.40312488313,-10.96195028398214
2025-10-19,11,11,354.1900693753241,289755.9692911744,121.53987342157862,388.43745957650316,362744.18124430213,138.85868583364388,368.6320867678774,320464.8334887384,118.98815090061777,34.24739020117909,72988.21195312776,17.318812412065256,14.442017392553339,30708.86419756402,-2.551722520960851,-19.805372808625748,-42279.34775556374,-19.870534933026107
2025-10-20,11,11,341.8828399568309,207248.00043910573,118.1254305254808,351.96610867929195,231862.4494816404,113.16761571242112,336.0165321582226,207282.49952583833,104.78695808055413,10.08326872246107,24614.44904253466,-4.95781481305967,-5.866307798608261,34.49908673259779,-13.338472444926666,-15.949576521069332,-24579.94995580206,-8.380657631866995
2025-10-21,11,11,277.81293648953886,142436.2086427244,81.62111872101433,294.5855953751797,176790.4431558202,85.13605426817685,276.4691549550817,145598.43476126902,71.05406485386119,16.77265888564085,34354.234513095784,3.5149355471625228,-1.3437815344571504,3162.2261185446114,-10.567053867153135,-18.116440420098,-31192.008394551172,-14.081989414315657
2025-10-22,11,11,224.17868427000005,83597.88437671433,66.29939254374578,238.34763139681445,104657.7716868792,65.64752024416357,218.50374448558077,78467.88629053764,52.5048137461792,14.168947126814402,21059.88731016488,-0.6518722995822088,-5.67493978441928,-5129.998086176682,-13.79457879756658,-19.84388691123368,-26189.88539634156,-13.14270649798437
2025-10-23,11,11,169.34158990671224,61183.61837053457,53.103548403558946,159.23949067555057,54470.06037708524,44.061373612910046,153.28257123587773,46052.17239109127,37.98189958464252,-10.102099231161674,-6713.557993449329,-9.0421747906489,-16.05901867083452,-15131.445979443299,-15.121648818916427,-5.956919439672845,-8417.88798599397,-6.079474028267526
2025-10-24,11,11,190.23858167883316,71519.52651924889,59.46778179480693,166.59614946624882,53832.01257095537,43.561315021777766,161.7838158491774,47642.80511119903,37.16876062099564,-23.64243221258434,-17687.51394829352,-15.906466773029166,-28.45476582965577,-23876.72140804986,-22.29902117381129,-4.812333617071431,-6189.2074597563405,-6.3925544007821244
2025-10-25,11,11,309.39633473984327,235440.0283653315,102.71082683381525,261.23601445092555,166079.65651605025,71.02263544057791,265.38531085644917,160843.62113423526,68.04977991871668,-48.16032028891772,-69360.37184928125,-31.688191393237332,-44.0110238833941,-74596.40723109624,-34.66104691509857,4.149296405523614,-5236.035381814989,-2.9728555218612343
2025-10-26,11,11,443.92206054936634,449813.2053433407,171.8336384716665,432.13829479467745,431568.051163095,157.77932387992482,409.91742411623056,374492.1389617657,138.26223282523986,-11.783765754688886,-18245.154180245707,-14.054314591741672,-34.00463643313577,-75321.06638157502,-33.571405646426626,-22.220870678446886,-57075.91220132931,-19.517091054684954
2025-10-27,11,11,374.4489142201901,264382.20565091405,138.12092006812497,401.19127625911,324000.53318071144,147.34927301784208,360.93863335302103,251459.67572942804,115.64814245657777,26.742362038919907,59618.32752979739,9.228352949717106,-13.510280867169058,-12922.529921486013,-22.4727776115472,-40.252642906088965,-72540.8574512834,-31.701130561264307
2025-10-28,11,11,308.8171637410255,184172.80176438286,118.00179057365095,326.694050167222,220521.02531469698,123.04290459445443,292.3214343257186,158940.3196734133,89.42160007987094,17.87688642619645,36348.22355031411,5.041114020803477,-16.495729415306926,-25232.48209096957,-28.58019049378001,-34.372615841503375,-61580.70564128368,-33.621304514583485
2025-10-29,11,11,213.97214471390382,86395.2061787405,79.79841040555358,234.2148445584933,104793.45609656605,82.1692599395327,199.20316569211033,69383.95299379868,58.21451713437097,20.24269984458948,18398.249917825553,2.3708495339791114,-14.768979021793484,-17011.253184941816,-21.58389327118261,-35.011678866382965,-35409.50310276737,-23.95474280516172
2025-10-30,11,11,177.95997695656595,49142.19584016968,54.27915081886954,167.7525741593372,49329.68119762575,52.596184307035735,166.85763353129983,41431.51843829883,39.54942533734075,-10.207402797228752,187.48535745606932,-1.6829665118338042,-11.102343425266127,-7710.677401870853,-14.729725481528789,-0.8949406280373751,-7898.162759326922,-13.046758969694984
2025-10-31,11,11,229.2441502219871,107203.37751209551,78.4039380724322,217.26556220699487,98876.02092044815,67.93976321018012,194.932914438819,77968.45347542643,52.19830985651359,-11.978588014992226,-8327.35659164736,-10.46417486225208,-34.31123578316809,-29234.92403666908,-26.20562821591861,-22.33264776817586,-20907.56744502172,-15.741453353666529
2025-11-01,11,11,291.61819225060486,203325.0976078489,99.83937998283628,272.3265213209074,181865.8668402926,87.75010866738833,248.15209496619627,149168.68256598062,67.38164402976462,-19.29167092969749,-21459.23076755629,-12.089271315447945,-43.46609728440859,-54156.415041868284,-32.45773595307166,-24.174426354711102,-32697.184274311992,-20.368464637623717
2025-11-02,11,11,369.4883491205583,305338.8038598545,130.29287119765732,382.11382208988323,340786.00811492495,134.85863522585294,346.74903038978835,269059.8739845857,104.38606989838509,12.625472969324903,35447.20425507042,4.565764028195616,-22.73931873076998,-36278.929875268834,-25.90680129927223,-35.364791700094884,-71726.13413033925,-30.472565327467848
2025-11-03,11,11,389.12314758735033,262482.91051893175,158.66799121033037,385.77044831219916,261306.13582542574,150.19806328400733,358.89082421446443,224381.03373498935,126.81079789020174,-3.352699275151167,-1176.7746935060131,-8.469927926323038,-30.2323233728859,-38101.876783942396,-31.85719332012863,-26.879624097734734,-36925.10209043638,-23.387265393805592
2025-11-04,11,11,339.76581591334366,201546.89488013412,122.82618051596792,343.83027471095846,204403.21198517655,121.8849340066415,312.5065363251213,165794.26624433987,97.28423628579375,4.0644587976148046,2856.317105042428,-0.9412465093264188,-27.25927958822234,-35752.628635794244,-25.541944230174167,-31.323738385837146,-38608.94574083667,-24.600697720847748
2025-11-05,11,11,224.01754308921272,93356.67079311832,77.28660225260468,230.98543584482198,99776.5212607285,78.66531712276206,200.7106729718785,73889.47600128985,58.356706071240886,6.967892755609256,6419.8504676101875,1.3787148701573813,-23.306870117334228,-19467.19479182847,-18.929896181363794,-30.274762872943484,-25887.04525943866,-20.308611051521176
2025-11-06,11,11,189.70040658600283,70981.54691004833,68.36698309877903,199.64464486106647,72895.08456161483,65.1534639218976,192.87769702862832,64025.259459157685,52.00581787819201,9.94423827506364,1913.5376515664975,-3.2135191768814337,3.177290442625491,-6956.287450890646,-16.36116522058702,-6.766947832438149,-8869.825102457144,-13.147646043705585
2025-11-07,11,11,204.895932067384,84190.27655327895,75.71483715916867,182.6861468486414,72617.81346555053,68.83598421839935,165.5109919026079,60513.11127946598,54.33504987027595,-22.20978521874258,-11572.463087728422,-6.87885294076932,-39.38494016477608,-23677.16527381297,-21.379787288892715,-17.1751549460335,-12104.702186084549,-14.500934348123394
2025-11-08,11,11,290.6650172899362,150018.22475039941,91.74040930501329,279.0549259008019,137450.40544968614,86.42130160952352,262.67433014285825,115278.57016551586,71.32378599874673,-11.610091389134311,-12567.81930071328,-5.3191076954897625,-27.99068714707795,-34739.65458488355,-20.41662330626656,-16.380595757943638,-22171.835284170273,-15.097515610776796
2025-11-09,11,11,378.2528009043981,262322.80702998146,139.0726362163073,381.98491820689776,264463.856089706,151.29315085796625,363.1245336900319,232594.73613861797,124.29734352209707,3.7321173024996597,2141.0490597245516,12.220514641658951,-15.12826721436619,-29728.070891363488,-14.775292694210236,-18.86038451686585,-31869.11995108804,-26.995807335869188
2025-11-10,11,11,341.2794680232874,189848.45258076803,130.68958352144244,328.5097294522635,174223.81965066039,127.60754204800854,310.53952057693436,153559.9063537041,110.8579348192278,-12.769738571023879,-15624.632930107648,-3.082041473433904,-30.73994744635303,-36288.546227063925,-19.83164870221465,-17.97020887532915,-20663.913296956278,-16.749607228780746
2025-11-11,11,11,273.90779970688243,124360.08358168045,86.89250592342336,248.92251497098857,102019.58992659184,74.99461487991151,238.40465832141305,93557.81241473123,69.76146524888223,-24.985284735893856,-22340.493655088605,-11.897891043511848,-35.50314138546938,-30802.271166949213,-17.131040674541126,-10.51785664957552,-8461.777511860608,-5.233149631029278
2025-11-12,11,11,229.1635871573831,87141.61628924761,73.89663594450452,222.91699735705316,83415.14789941492,68.69484905674705,199.0632373552806,72832.92704399394,59.44457561096589,-6.246589800329929,-3726.468389832691,-5.201786887757478,-30.1003498021025,-14308.68924525367,-14.452060333538633,-23.85376000177257,-10582.22085542098,-9.250273445781154
2025-11-13,11,11,225.13325381455152,86963.73106711391,73.5667571205052,234.94803735914655,95685.96003291862,76.03143906147537,204.885695916808,76845.79045792908,63.47378874074386,9.81478354459503,8722.228965804708,2.4646819409701664,-20.24755789774352,-10117.940609184836,-10.092968379761338,-30.06234144233855,-18840.169574989544,-12.557650320731504
2025-11-14,11,11,207.51927507286734,78139.73806730784,74.6690961409407,230.7270781145231,94301.54702748239,82.36888423707381,202.97899215247062,75458.15431168891,67.91600300752691,23.20780304165575,16161.808960174545,7.699788096133119,-4.54028292039672,-2681.5837556189363,-6.753093133413785,-27.74808596205247,-18843.39271579348,-14.452881229546904
2025-11-15,11,11,266.41994454601445,126398.39202302192,84.12855298094638,276.44203235336516,143300.33133381486,90.77991793936611,263.31140973214843,123444.16462227165,79.6347490189965,10.022087807350715,16901.939310792935,6.651364958419734,-3.108534813866015,-2954.227400750271,-4.4938039619498795,-13.13062262121673,-19856.166711543206,-11.145168920369613
2025-11-16,11,11,260.16509714925894,119921.8042839578,75.76081712237834,263.1867908945727,128601.13551478043,72.52456659013545,244.52938996160339,105344.1705117584,62.22431944241961,3.021693745313769,8679.33123082263,-3.2362505322428916,-15.635707187655555,-14577.633772199391,-13.536497679958728,-18.657400932969324,-23256.965003022022,-10.300247147715837
2025-11-17,11,11,354.6646375308674,207964.20938640798,145.44214249570882,375.2951800647985,231965.81915336804,149.87336327140324,340.74777263579966,191864.07107492405,129.63204491196194,20.630542533931077,24001.609766960057,4.431220775694413,-13.91686489506776,-16100.138311483926,-15.810097583746881,-34.54740742899884,-40101.74807844398,-20.241318359441294
2025-11-18,11,11,257.9774259559133,110818.78668472856,87.44480980078994,323.72926367883514,179393.92366433542,108.84068697711824,272.5459900253945,122516.39529771154,85.21243978230926,65.75183772292183,68575.13697960686,21.395877176328298,14.56856406948117,11697.608612982978,-2.2323700184806796,-51.183273653440665,-56877.52836662388,-23.628247194808978
2025-11-19,11,11,265.23854289441084,129118.76627540743,109.65549227774392,263.98937541866786,136701.0874412754,115.90056264198907,253.01596001866207,124901.18646041775,103.33205763947954,-1.2491674757429791,7582.321165867965,6.2450703642451515,-12.22258287574877,-4217.579814989673,-6.323434638264374,-10.973415400005791,-11799.900980857637,-12.568505002509525
2025-11-20,11,11,196.9704588764076,73428.76253562594,68.34134782900449,194.07609295581707,77103.67260805615,70.65515513673051,191.61657425697967,70729.74303452185,62.97300859151326,-2.8943659205905305,3674.9100724302116,2.313807307726023,-5.35388461942793,-2699.0195011040923,-5.368339237491227,-2.4595186988373996,-6373.929573534304,-7.68214654521725
2025-11-21,11,11,192.34721824602002,70812.78291014786,71.08337182120839,194.77977697607227,80366.37481011868,77.90115811830259,182.1706254185034,68254.65188239337,64.17819961073343,2.43255873005225,9553.591899970823,6.817786297094202,-10.176592827516629,-2558.1310277544835,-6.905172210474959,-12.609151557568879,-12111.722927725306,-13.72295850756916
2025-11-22,11,11,177.76886157368614,59948.93464577267,54.2025912072371,221.075411958732,98236.88852905398,75.70967141784077,195.52477442328927,76717.43453435528,62.62807379452864,43.30655038504585,38287.953883281305,21.507080210603668,17.755912849603135,16768.499888582613,8.42548258729154,-25.550637535442718,-21519.45399469869,-13.081597623312128
2025-11-23,11,11,224.0478641460919,84873.63724377268,67.85526180937188,267.3842222848209,125993.17403205237,90.44672063805069,255.59934851709932,113461.68838459686,80.72529504805169,43.336358138729,41119.536788279685,22.59145882867881,31.551484371007405,28588.051140824173,12.87003323867981,-11.784873767721592,-12531.485647455513,-9.721425589999
2025-11-24,11,11,234.60896750978688,96421.98041561282,87.21453763434296,247.70741252402712,108655.32534285271,101.44035078304275,239.75601129977656,107054.58486422386,93.7413110034964,13.09844501424024,12233.344927239887,14.225813148699785,5.147043789989681,10632.604448611033,6.526773369153446,-7.95140122425056,-1600.7404786288535,-7.6990397795463394
2025-11-25,11,11,211.20680106730526,71856.0418313842,53.764351871550545,204.8083995127781,65351.266174815784,60.75698597000344,211.80262143981363,69877.67396504228,56.424657198321775,-6.398401554527169,-6504.77565656841,6.992634098452896,0.5958203725083706,-1978.3678663419123,2.6603053267712298,6.9942219270355395,4526.407790226498,-4.3323287716816665
2025-11-26,11,11,192.1068258775781,68249.88951049195,54.161356019244685,181.08739892321228,59036.02720016355,55.419450617066126,191.57878361353653,63592.90136873725,53.14920378344395,-11.019426954365827,-9213.862310328397,1.2580945978214402,-0.5280422640415736,-4656.9881417547,-1.012152235800734,10.491384690324253,4556.874168573697,-2.270246833622174
2025-11-27,11,11,175.0356205271714,60684.29553660179,39.65355754398178,171.3538226028467,53452.607843048005,39.974807968734176,172.85260602907434,61023.92913135365,40.68847118889297,-3.6817979243247123,-7231.6876935537875,0.3212504247523924,-2.183014498097066,339.6335947518601,1.0349136449111853,1.4987834262276465,7571.321288305648,0.7136632201587929
2025-11-28,11,11,209.0117860633425,87771.21279328753,56.18244453474931,211.88191736216478,85860.50747110143,59.39824186887074,210.41367812031638,87980.83711724567,55.55939377410375,2.8701312988222867,-1910.7053221860988,3.215797334121433,1.4018920569738782,209.62432395813812,-0.6230507606455618,-1.4682392418484085,2120.329646144237,-3.8388480947669947
2025-11-29,11,11,177.35811497664616,49511.50892257283,42.84165879709821,190.71583431795855,57602.66135534132,48.91816705631959,188.8570988235545,59461.155903246814,47.56956582899832,13.35771934131239,8091.152432768489,6.076508259221377,11.498983846908345,9949.646980673984,4.727907031900109,-1.8587354944040442,1858.494547905495,-1.348601227321268
2025-11-30,11,11,190.6003552586957,61601.40266840058,61.34467524044192,191.50236011012913,62034.80843288577,59.51378852316332,207.1381916527729,69849.3643892678,66.86049511295867,0.9020048514334178,433.4057644851928,-1.8308867172786023,16.537836394077175,8247.961720867213,5.515819872516751,15.635831542643757,7814.555956382021,7.346706589795353
2025-12-01,11,11,187.92296238741395,62060.32923791898,47.51806563890279,181.262647509727,57531.31833147227,45.6902694029439,198.8101989101638,67708.02539815262,50.14805382290037,-6.660314877686943,-4529.010906446711,-1.8277962359588926,10.887236522749845,5647.696160233638,2.6299881839975825,17.547551400436788,10176.707066680348,4.457784419956475
2025-12-02,11,11,212.4539629186885,104244.29699779148,54.01364963553072,208.30268980991315,86355.26103761728,52.362630890002954,222.29914875881025,106533.31818511536,56.15025220957769,-4.151273108775342,-17889.035960174195,-1.6510187455277645,9.845185840121758,2289.0211873238877,2.136602574046968,13.9964589488971,20178.057147498082,3.7876213195747326
2025-12-03,11,11,198.29235335538124,86017.23980201497,45.97032602988311,183.98855876578432,62748.51745705766,54.26458740827852,197.27485639054478,76929.29715109913,49.94131804153881,-14.303794589596919,-23268.722344957314,8.294261378395412,-1.0174969648364538,-9087.942650915837,3.970992011655696,13.286297624760465,14180.779694041477,-4.323269366739716
2025-12-04,11,11,189.6674972403196,81321.7811709094,44.56020749090362,204.3897761623007,84126.401162009,64.28459438351359,194.07273418829584,78927.38829900959,54.156192717850814,14.722278921981115,2804.6199910996074,19.72438689260997,4.405236947976249,-2394.392871899807,9.595985226947192,-10.317041974004866,-5199.012862999414,-10.128401665662778
2025-12-05,11,11,189.5245553536182,80232.00323981266,44.821294619219096,180.10768177461244,64530.33162221944,42.906799021316864,188.21002977933614,74091.39771416615,48.59579740511396,-9.416873579005767,-15701.671617593223,-1.9144955979022313,-1.3145255742820723,-6140.605525646519,3.7745027858948674,8.102348004723694,9561.066091946705,5.688998383797099
2025-12-06,11,11,179.98855003099777,60023.44724750438,38.400640703190724,170.0881388059967,50748.27367223575,39.76472339197594,173.94300063444504,58284.70635076221,45.379595213717266,-9.90041122500108,-9275.173575268629,1.364082688785217,-6.04554939655273,-1738.7408967421725,6.978954510526542,3.8548618284483496,7536.432678526457,5.614871821741325
2025-12-07,11,11,161.54997970708197,63883.93779745395,30.374439664624866,169.39001413880888,59165.98871727852,37.46727095189104,183.3205059799893,70747.45448312131,41.89940381563204,7.840034431726906,-4717.949080175436,7.092831287266172,21.77052627290732,6863.51668566736,11.524964151007175,13.930491841180412,11581.465765842797,4.432132863741003
2025-12-08,11,11,165.10752241362536,53513.70367999191,33.65315861046508,185.27321871500092,48910.39702496505,50.484820661499946,197.8161326722605,64364.37410829272,52.51470896160995,20.16569630137556,-4603.306655026856,16.83166205103487,32.70861025863513,10850.670428300815,18.86155035114487,12.542913957259572,15453.97708332767,2.0298883001100023
2025-12-09,11,11,173.53242860692956,93976.59294574246,40.80616691781397,177.04015859484383,70376.11320310383,48.90982087275936,188.040915892104,84451.57396279114,52.623045489000745,3.5077299879142743,-23600.479742638636,8.103653954945393,14.508487285174454,-9525.018982951326,11.816878571186777,11.00075729726018,14075.46075968731,3.7132246162413836
2025-12-10,11,11,181.94581385591948,89400.14250264988,43.03910023183453,181.1535778160532,77678.95958387831,42.41494417368214,201.47257211120333,92325.88983829081,55.889550573141996,-0.7922360398662818,-11721.182918771563,-0.6241560581523942,19.526758255283852,2925.747335640932,12.850450341307464,20.318994295150134,14646.930254412495,13.474606399459859
2025-12-11,11,11,146.38890301845106,80501.92436834429,32.29199479062826,148.07940526565343,76757.49553007669,31.423241362847605,164.93242560969955,82671.96267670336,37.11247481743513,1.6905022472023745,-3744.4288382676023,-0.8687534277806535,18.54352259124849,2170.0383083590714,4.8204800268068695,16.853020344046115,5914.467146626674,5.689233454587523
2025-12-12,11,11,170.13720551827817,100425.92800008095,46.26169031281714,159.988930290754,89375.80974206196,40.8158626888877,185.3150489878705,103899.9714324993,53.91731812787925,-10.148275227524152,-11050.118258018992,-5.445827623929439,15.177843469592347,3474.0434324183443,7.655627815062111,25.3261186971165,14524.161690437337,13.10145543899155
2025-12-13,11,11,133.55366363984743,39762.994068256936,23.182019554982404,119.18561806568955,35003.822371641545,18.016651758586935,141.4580417973591,44169.62775717198,25.609996157498554,-14.368045574157875,-4759.171696615391,-5.1653677963954685,7.9043781575116725,4406.633688915041,2.42797660251615,22.272423731669548,9165.805385530432,7.5933443989116185
2025-12-14,11,11,137.62685582641532,45279.46057104478,24.794952731016462,136.0936453372615,61757.31171019645,22.476423928566746,150.57855376409776,65285.87771008145,29.15004813723854,-1.5332104891538165,16477.851139151673,-2.318528802449716,12.95169793768244,20006.41713903667,4.355095406222077,14.484908426836256,3528.565999884995,6.673624208671793
2025-12-15,11,11,182.4510516341987,126959.97021498292,46.908614423693194,202.16342726727063,170247.9959040623,53.584605581899886,210.243855232474,187831.77196010255,61.795423915675656,19.71237563307193,43288.02568907937,6.675991158206692,27.7928035982753,60871.80174511962,14.886809491982461,8.08042796520337,17583.776056040253,8.21081833377577
2025-12-16,11,11,195.64458906561893,143800.38175203546,53.53450549017459,174.21707467133496,86246.58811334142,39.39436629080318,206.61771348612936,154787.87431163705,58.5151490482074,-21.427514394283975,-57553.79363869404,-14.140139199371411,10.97312442051043,10987.492559601582,4.98064355803281,32.400638814794405,68541.28619829562,19.12078275740422
2025-12-17,11,11,176.0049442576738,117190.8854196027,44.5669838916865,168.9476598282207,80839.74116948844,37.948009028519174,175.68067872325366,99651.25989334304,41.543190166055325,-7.057284429453091,-36351.14425011426,-6.618974863167324,-0.3242655344201353,-17539.625526259653,-3.0237937256311724,6.733018895032956,18811.518723854606,3.5951811375361515
2025-12-18,11,11,142.88826023561703,88422.33195940866,32.854217947635036,168.64676065828527,86134.33429032228,40.47919334850505,167.04873374322287,84844.15855847757,38.79256524644007,25.75850042266825,-2287.997669086384,7.624975400870014,24.160473507605843,-3578.1734009310894,5.938347298805034,-1.5980269150624054,-1290.1757318447053,-1.6866281020649794
2025-12-19,11,11,149.93919567242193,65103.18803366902,38.46712738995794,147.065905173225,59138.085406329956,35.26783842925325,170.78355178343716,66599.14576544239,42.78081545251411,-2.8732904991969406,-5965.102627339067,-3.199288960704685,20.84435611101523,1495.9577317733638,4.313688062556174,23.71764661021217,7461.060359112431,7.512977023260859
2025-12-20,11,11,117.66304494360533,35047.18808597526,18.485661468948326,127.24612812802306,44653.91762765559,20.87040078490116,124.80514612277156,40268.170497201514,21.445731635986398,9.583083184417731,9606.729541680332,2.384739315952835,7.142101179166232,5220.982411226258,2.9600701670380722,-2.4409820052514988,-4385.747130454074,0.5753308510852371
2025-12-21,11,11,111.10253084579736,41468.58588375145,18.792001961681834,117.30081910181767,52971.45477359363,21.17496673126036,141.79960604135263,57908.06162180579,26.104547468501462,6.198288256020305,11502.868889842175,2.3829647695785248,30.69707519555527,16439.475738054338,7.312545506819628,24.498786939534966,4936.606848212163,4.929580737241103
2025-12-22,11,11,182.61112798937077,137274.93658366174,49.83692511399084,185.36417203244886,150456.4126064724,53.32366563418172,177.81839479752418,155794.3431438048,53.14310423766263,2.7530440430780914,13181.476022810675,3.486740520190885,-4.792733191846594,18519.406560143078,3.3061791236717895,-7.545777234924685,5337.930537332402,-0.18056139651909575
2025-12-23,11,11,221.26242247494017,188802.54978314185,72.69305584363654,224.01686136913165,201792.86315379618,76.11135346518772,223.02428748987174,227488.99610080977,81.61921902422061,2.7544388941914804,12990.31337065433,3.418297621551176,1.7618650149315727,38686.44631766793,8.92616318058407,-0.9925738792599077,25696.132947013597,5.5078655590328935
2025-12-24,11,11,382.13996272906246,458225.99702694674,223.4251773548995,381.3269029464585,410000.03866160696,216.97158952229472,391.0906574335753,479117.4305716062,230.82225729084618,-0.8130597826039434,-48225.958365339786,-6.453587832604768,8.950694704512841,20891.433544659463,7.397079935946692,9.763754487116785,69117.39190999925,13.85066776855146
2025-12-25,11,11,78.10628895226289,22243.16589720055,10.33573929344065,53.25556361514782,5256.366833389765,5.09000367901443,79.71033257585243,14800.869225804252,9.856479497960798,-24.850725337115065,-16986.799063810784,-5.24573561442622,1.604043623589547,-7442.296671396298,-0.47925979547985165,26.454768960704612,9544.502392414488,4.766475818946368
2025-12-26,11,11,141.93176032837457,40589.49668203816,41.77064206038905,150.48791791345218,42908.49315211217,41.63861713510577,144.9201910856504,38478.43627011809,39.441527857312785,8.556157585077614,2318.9964700740093,-0.13202492528328236,2.988430757275836,-2111.0604119200725,-2.3291142030762657,-5.567726827801778,-4430.056881994082,-2.1970892777929834
2025-12-27,11,11,93.90823442458014,15655.003153480711,16.519945532288304,93.91561443246631,14589.288729817576,14.421447593487839,102.46744336543284,18379.03089080296,18.389280876590487,0.007380007886169437,-1065.7144236631357,-2.098497938800465,8.559208940852699,2724.027737322247,1.8693353443021827,8.55182893296653,3789.7421609853827,3.9678332831026477
2025-12-28,11,11,103.13901760386412,22493.535574079768,19.338585390265987,102.68747388186715,17976.394652621846,21.988317935155155,106.5955131517007,20569.984629015253,19.98681787580738,-0.4515437219969698,-4517.140921457922,2.6497325448891687,3.4564955478365817,-1923.550945064515,0.6482324855413921,3.9080392698335515,2593.5899763934067,-2.0015000593477765
2025-12-29,11,11,171.82897789535284,115904.81768961958,43.24515854844268,138.2919887552639,38002.15321305105,26.32753272115576,153.74355231171697,61850.21754677018,30.750912585373655,-33.536989140088934,-77902.66447656852,-16.917625827286923,-18.085425583635867,-54054.6001428494,-12.494245963069027,15.451563556453067,23848.06433371913,4.423379864217896
2025-12-30,11,11,223.71612436405923,188383.18310413256,77.1519059373412,153.8904564391524,55099.15582708996,38.75824808246348,173.02243995023858,80945.47265833068,47.9465500396623,-69.82566792490684,-133284.0272770426,-38.393657854877716,-50.69368441382065,-107437.71044580189,-29.2053558976789,19.13198351108619,25846.316831240714,9.188301957198817
2025-12-31,11,11,422.70936684787443,493086.221977314,271.1901567283357,268.6342388398689,193256.9732872024,144.9715693402,289.56849729659285,228519.92388477467,166.6618095529973,-154.07512800800555,-299829.24869011156,-126.21858738813569,-133.14086955128158,-264566.2980925393,-104.52834717533838,20.934258456723967,35262.950597572286,21.690240212797306
